YEAR,DISTRICT,BOROUGH,REFUSETONSCOLLECTED,PAPERTONSCOLLECTED,MGPTONSCOLLECTED,RESORGANICSTONS,SCHOOLORGANICTONS,LEAVESORGANICTONS,XMASTREETONS
1990,101,Manhattan,1815.9,0,0,0,0,0,0
1991,101,Manhattan,8751.7,0,0,0,0,0,0
1992,101,Manhattan,8319.5,0,0,0,0,0,0
1993,101,Manhattan,7599.1,381.5,219,0,0,0,0
1994,101,Manhattan,7844.5,1405.3,494.1,0,0,0,9.9
1995,101,Manhattan,7698.6,1277.1,502.7,0,0,0,9.4
1996,101,Manhattan,7822.5,1379.5,489.7,0,0,0,6.6
1997,101,Manhattan,7591.4,863.7,569.3,0,0,0,10
1998,101,Manhattan,8132.4,246.1,808.9,0,0,0,11.4
1999,101,Manhattan,9168.9,0,978.4,0,0,0,13.6
2000,101,Manhattan,10588.7,38.5,1205.4,0,0,0,15.5
2001,101,Manhattan,11088.9,19.7,1227.5,0,0,0,18.6
2002,101,Manhattan,12529.6,15.8,657.8,0,0,0,6
2003,101,Manhattan,14536.4,0,0,0,0,0,10.6
2004,101,Manhattan,14435.7,3007,1024.3,0,0,0,12
2005,101,Manhattan,14394.7,4505.8,1644.2,0,0,0,6
2006,101,Manhattan,13699.6,4342.7,1678.5,0,0,0,6
2007,101,Manhattan,13602.7,4541.6,1835.1,0,0,0,8
2008,101,Manhattan,13049.8,4831.4,2017.9,0,0,0,10
2009,101,Manhattan,13451.8,4809.7,2261.3,0,0,0,10
2010,101,Manhattan,13993.5,4640.5,2306.4,0,0,0,12
2011,101,Manhattan,14657,4553.2,2351.6,0,0,0,0
2012,101,Manhattan,15018.9,4031.8,2286.5,0,0,0,12
2013,101,Manhattan,15349.8,4029.5,2344.1,0,110.6,0,14
2014,101,Manhattan,15640.1,4217.3,2412.8,34,358.5,0,18
2015,101,Manhattan,15670,4318,2627.9,146.4,0,0,22
2016,101,Manhattan,15792,4508.8,2687.6,169.5,0,0,20
2017,101,Manhattan,16273,4384.5,2758.4,192.8,0,0,16
2018,101,Manhattan,16485.5,4702.6,2828.8,173.8,0,0,18
2019,101,Manhattan,16383.7,4974.6,3012.9,267.9,0,0,36.1
2020,101,Manhattan,14680.6,4191,2974.8,71.5,0,0,40.7
2021,101,Manhattan,15777.6,4718,2940.7,0,0,0,27.3
2022,101,Manhattan,16265.7,4390.3,2774.5,0,0,0,32.8
2023,101,Manhattan,12178.6,3153.8,2092.8,0,0,0,25.2
1990,102,Manhattan,7447.3,0,0,0,0,0,0
1991,102,Manhattan,34811.2,0,0,0,0,0,0
1992,102,Manhattan,33655.4,0,0,0,0,0,0
1993,102,Manhattan,32569.5,4336.7,1814,0,0,0,0
1994,102,Manhattan,32774.6,6592.7,2892.9,0,0,0,21.8
1995,102,Manhattan,32827.2,5580.9,2928.1,0,0,0,34.2
1996,102,Manhattan,33306.8,6177.1,2832.1,0,0,0,28.5
1997,102,Manhattan,30912.2,3353.5,3171.2,0,0,0,33.1
1998,102,Manhattan,29002.9,754.4,3553.8,0,0,0,37.4
1999,102,Manhattan,28642.2,0,3668.3,0,0,0,36.9
2000,102,Manhattan,28856.7,0,3864.7,0,0,0,41.1
2001,102,Manhattan,28927.3,104.4,3948.5,0,0,0,41.7
2002,102,Manhattan,31211,78.4,1959.6,0,0,0,29.8
2003,102,Manhattan,33991,0,0,0,0,0,23.5
2004,102,Manhattan,31408,5631.1,2420.5,0,0,0,19.9
2005,102,Manhattan,30132.5,7548.9,3429.3,0,0,0,23.4
2006,102,Manhattan,30149.6,6658,3397.3,0,0,0,19.5
2007,102,Manhattan,30161.7,6444.1,3356.8,0,0,0,23.4
2008,102,Manhattan,28470.8,6749.6,3445.7,0,0,0,19.5
2009,102,Manhattan,26668,6005.7,3543.3,0,0,0,27.3
2010,102,Manhattan,25707.3,5817,3411.7,0,0,0,31.2
2011,102,Manhattan,26954.8,5580.6,3412.2,0,0,0,7.8
2012,102,Manhattan,26062,5053.1,3240.1,0,0,0,31.2
2013,102,Manhattan,24955.4,4959.8,3251.3,0,69.4,0,31.2
2014,102,Manhattan,24575.7,5132.1,3457.8,0,195.6,0,31.2
2015,102,Manhattan,23980.1,5269.2,3598.7,0,193.9,0,39
2016,102,Manhattan,23672.1,5500,3773.2,0,155.1,0,35.1
2017,102,Manhattan,23441.8,5334.5,3797.5,0,154.2,0,54.6
2018,102,Manhattan,23578.3,5644.8,3909.5,0,212.4,0,42.9
2019,102,Manhattan,22480.8,5590.8,3934.8,0,286.4,0,38.5
2020,102,Manhattan,20949.7,4855,3807.6,0,67.1,0,46
2021,102,Manhattan,22670.9,5410.8,3634.3,0,36.9,0,26.4
2022,102,Manhattan,22011,4995.2,3377.6,0,251.7,0,26.3
2023,102,Manhattan,16273,3559.1,2474.7,0,186.6,0,28.3
1990,103,Manhattan,17926.8,0,0,0,0,0,0
1991,103,Manhattan,45666,0,0,0,0,0,0
1992,103,Manhattan,45490.6,0,0,0,0,0,0
1993,103,Manhattan,42559.5,2083,1249.7,0,0,0,0
1994,103,Manhattan,44320.5,3115,1938.1,0,0,0,15.2
1995,103,Manhattan,43007.8,2824.7,2002.1,0,0,0,12.6
1996,103,Manhattan,43745.3,2733,1864,0,0,0,6.6
1997,103,Manhattan,43001,1407.4,2105.6,0,0,0,12.3
1998,103,Manhattan,43592.9,424.6,2420.1,0,0,0,13.6
1999,103,Manhattan,43632.7,6.4,2810,0,0,0,20.1
2000,103,Manhattan,43794.2,6.4,3234.2,0,0,8.2,14.3
2001,103,Manhattan,44510.6,267.4,3360.4,0,0,0,17.2
2002,103,Manhattan,43548.3,143.8,1659,0,0,0,12.5
2003,103,Manhattan,43023.1,0,0,0,0,0,0
2004,103,Manhattan,39528.3,3226,2167.2,0,0,0,8
2005,103,Manhattan,38202,4327.5,2968.8,0,0,0,13.8
2006,103,Manhattan,37904.2,4187.1,2910.3,0,0,6,27.6
2007,103,Manhattan,38321.2,4071.1,2851.1,0,0,0,13.8
2008,103,Manhattan,36749.7,4220.6,3050.5,0,0,0,20.7
2009,103,Manhattan,35614.2,4161.8,3293.6,0,0,0,20.7
2010,103,Manhattan,35459.6,4060.9,3163,0,0,0,48.3
2011,103,Manhattan,37622.1,4047,3019.8,0,0,0,13.8
2012,103,Manhattan,36931.1,3757.3,2878.9,0,0,0,20.7
2013,103,Manhattan,36064.8,3813.2,2931.3,0,0,0,41.4
2014,103,Manhattan,35677.7,3841.9,3152.5,0,119.3,0,31.4
2015,103,Manhattan,35391.6,4076.7,3477,0,326.5,0,41.4
2016,103,Manhattan,34962.9,4052.6,3796,0,383.4,0,48.3
2017,103,Manhattan,35189.4,4034.2,3825,0,476.1,0,41.4
2018,103,Manhattan,35827.5,4070.6,3808.7,0,492.3,0,62.1
2019,103,Manhattan,35367.4,3953.1,3721.7,0,477.3,0,15.3
2020,103,Manhattan,33707.8,4094.4,4059.2,0,123.9,0,20
2021,103,Manhattan,33602.4,4555,3702.7,0,54,0,11.3
2022,103,Manhattan,32704.4,4067.9,3403.4,0,296.8,0,11.1
2023,103,Manhattan,23843.3,2833.3,2487.6,0,202.6,0,9.5
1990,104,Manhattan,5218,0,0,0,0,0,0
1991,104,Manhattan,24414,0,0,0,0,0,0
1992,104,Manhattan,23034.2,0,0,0,0,0,0
1993,104,Manhattan,20632.1,2199.1,960.1,0,0,0,0
1994,104,Manhattan,21585,3284.1,1627.8,0,0,0,26.3
1995,104,Manhattan,22124.2,2840.9,1726.1,0,0,0,23.8
1996,104,Manhattan,27614.7,3812.7,1995.1,0,0,0,25
1997,104,Manhattan,27258.8,2177.5,2455.2,0,0,0,28.8
1998,104,Manhattan,27222.7,558.3,2958.9,0,0,0,35.5
1999,104,Manhattan,27916.4,9.6,3324.3,0,0,0,38.1
2000,104,Manhattan,25009.3,0,3415.5,0,0,0,35.7
2001,104,Manhattan,25735.7,140.2,3503,0,0,0,36
2002,104,Manhattan,27522.8,36.2,1826.9,0,0,0,16.8
2003,104,Manhattan,30158.3,0,0,0,0,0,17.7
2004,104,Manhattan,28560.8,5064.7,2466.2,0,0,0,20.6
2005,104,Manhattan,26908.6,7023.1,3607.1,0,0,0,18.9
2006,104,Manhattan,27024.6,5956.6,3679.1,0,0,0.9,18.9
2007,104,Manhattan,26685.5,5845.3,3567.5,0,0,0,18.9
2008,104,Manhattan,25769.9,6039.3,3720.9,0,0,0,18.9
2009,104,Manhattan,25160.8,5585.1,3893.4,0,0,0,10.8
2010,104,Manhattan,25420.3,5619.4,3854.2,0,0,0,21.6
2011,104,Manhattan,26920,5515.1,3843,0,0,0,5.4
2012,104,Manhattan,26744.4,5120.1,3747.4,0,0,0,16.2
2013,104,Manhattan,27028.5,5053.1,3780.5,0,0,0,29.7
2014,104,Manhattan,27474.9,5176,4062.8,0,0,0,23.3
2015,104,Manhattan,27040.6,5422.9,4323.3,0,0,0,21.6
2016,104,Manhattan,27276.6,5654.8,4665.4,0,0,0,16.2
2017,104,Manhattan,27927.2,5442,4666.3,0,0,0,40.5
2018,104,Manhattan,28795.4,6022.6,4695.1,234,0,0,21.6
2019,104,Manhattan,28045,6123.6,4728.9,500,0,0,27
2020,104,Manhattan,27138.4,5613.4,4934.4,134.2,0,0,29.7
2021,104,Manhattan,28190,6246,4619.7,0,0,0,21.6
2022,104,Manhattan,28274,5616.1,4266.6,0,0,13,23
2023,104,Manhattan,21430.5,4071.3,3142,0,0,0,24.3
1990,105,Manhattan,6801.9,0,0,0,0,0,0
1991,105,Manhattan,16185.1,0,0,0,0,0,0
1992,105,Manhattan,15931.4,0,0,0,0,0,0
1993,105,Manhattan,14344.4,2159.3,722.7,0,0,0,0
1994,105,Manhattan,15095.1,3171.8,1192.3,0,0,0,13.1
1995,105,Manhattan,14915.3,2776,1222.9,0,0,0,14.4
1996,105,Manhattan,15409.5,3107,1195.1,0,0,0,17.3
1997,105,Manhattan,15515.9,1683.4,1329.2,0,0,0,8.1
1998,105,Manhattan,15639,484.7,1435.7,0,0,0,16.7
1999,105,Manhattan,15597.9,7.9,1536.3,0,0,0,16.4
2000,105,Manhattan,16039.3,0,1650.5,0,0,0,16.6
2001,105,Manhattan,16291.5,19.1,1708.9,0,0,0,16.8
2002,105,Manhattan,17627.3,0,863.8,0,0,0,11
2003,105,Manhattan,19027,0,0,0,0,0,7.7
2004,105,Manhattan,18626.3,2791,1102.3,0,0,0,10.4
2005,105,Manhattan,18412,3962.6,1637.4,0,0,0,11.2
2006,105,Manhattan,18029.1,3555.1,1692.2,0,0,0,16.8
2007,105,Manhattan,17697.6,3534.5,1754.6,0,0,0,16.8
2008,105,Manhattan,17182.3,3889.1,1848.5,0,0,0,16.8
2009,105,Manhattan,16287.4,3522.3,1926.6,0,0,0,16.8
2010,105,Manhattan,15681,3438.5,1854.9,0,0,0,22.4
2011,105,Manhattan,16155.3,3152.4,1863.1,0,0,0,5.6
2012,105,Manhattan,15786.3,2847.9,1767.2,0,0,0,16.8
2013,105,Manhattan,15624.9,2773.1,1763.3,0,0,0,16.8
2014,105,Manhattan,15489.4,3001.5,1850.8,0,0,0,28
2015,105,Manhattan,15326.8,3200.7,1893.9,0,0,0,28
2016,105,Manhattan,15700.7,3254.1,2029,0,0,0,22.4
2017,105,Manhattan,15770.2,3061.7,2112.2,0,0,0,28
2018,105,Manhattan,15847.4,3391,2106.3,0,0,0,50.4
2019,105,Manhattan,15525.9,3502.6,2182.6,0,0,0,19.1
2020,105,Manhattan,14179.8,3094.3,2196.2,0,0,0,22.4
2021,105,Manhattan,15152.6,3463.5,2166.8,0,0,0,13.6
2022,105,Manhattan,15345.8,3277.9,2075.5,0,0,0,17.4
2023,105,Manhattan,11441,2320.6,1501.4,0,0,0,11.7
1990,106,Manhattan,19414.3,0,0,0,0,0,0
1991,106,Manhattan,46644.7,0,0,0,0,0,0
1992,106,Manhattan,45112.7,0,0,0,0,0,0
1993,106,Manhattan,40118.9,6499.6,2363.3,0,0,0,0
1994,106,Manhattan,41359.5,9382.8,3681.8,0,0,0,53.9
1995,106,Manhattan,41421.3,6946.2,3789,0,0,0,51.8
1996,106,Manhattan,42824.7,9035.7,3608.4,0,0,0,42.4
1997,106,Manhattan,42283.1,4972.5,4178.8,0,0,0,65.2
1998,106,Manhattan,42137.4,1283,4634.6,0,0,0,62.6
1999,106,Manhattan,42329.6,19.9,5022.7,0,0,17,75.1
2000,106,Manhattan,42388.2,16.2,5338.2,0,0,0,72.6
2001,106,Manhattan,42281.4,82.8,5556.4,0,0,4.3,73.5
2002,106,Manhattan,46155.5,46.3,2819.3,0,0,0,42.3
2003,106,Manhattan,49995.1,0,0,0,0,0,31.2
2004,106,Manhattan,46530.8,9000.3,3784.4,0,0,0,35.2
2005,106,Manhattan,44648.4,11588.6,5291.3,0,0,0,35.7
2006,106,Manhattan,43864.1,9198.2,5185.7,0,0,0,40.8
2007,106,Manhattan,42055.2,9284.7,5033,0,0,0,45.9
2008,106,Manhattan,38703.6,10304,5151.3,0,0,0,45.9
2009,106,Manhattan,36366.1,8961.3,5266.5,0,0,0,37
2010,106,Manhattan,35018.8,8483.9,5072.1,0,0,0,44.6
2011,106,Manhattan,36564.8,6939.6,4565.3,0,0,0,56.1
2012,106,Manhattan,35576.7,5861.7,4204.4,0,0,0,40.8
2013,106,Manhattan,35064.1,5867.1,4177.5,0,0,0,58.7
2014,106,Manhattan,34678.4,6195.8,4426.3,0,0,0,81.6
2015,106,Manhattan,33977.4,6421.9,4710.6,0,0,0,56.1
2016,106,Manhattan,33802.9,6604.6,4902.7,22.8,0,6.9,45.9
2017,106,Manhattan,33931.2,6281.8,4901,199.9,0,0,39.5
2018,106,Manhattan,34495.7,6839.3,4945.5,330.7,0,0,45.9
2019,106,Manhattan,34043.5,6938.3,5039.1,492.8,0,0,38.8
2020,106,Manhattan,31414.7,6186.4,5125.1,161.2,0,0,41
2021,106,Manhattan,32735.8,6804.8,4856.2,4.8,0,0,30.6
2022,106,Manhattan,33219.5,6277.5,4582.9,101.8,0,0,28.6
2023,106,Manhattan,25159.4,4511.9,3364.7,85.8,0,0,22.5
1990,107,Manhattan,15227.3,0,0,0,0,0,0
1991,107,Manhattan,70949.8,0,0,0,0,0,0
1992,107,Manhattan,69966,0,0,0,0,0,0
1993,107,Manhattan,68171.2,9283.3,3726,0,0,0,0
1994,107,Manhattan,69952.2,13699.7,5715,0,0,0,104.6
1995,107,Manhattan,69324.6,12062,5872.4,0,0,0,95.6
1996,107,Manhattan,73297.9,13540.9,5841.9,0,0,0,120.5
1997,107,Manhattan,74269.5,7235.9,6530.9,0,0,0,118.2
1998,107,Manhattan,73576,1806.7,7614.3,0,0,0,111.1
1999,107,Manhattan,75650.1,0,8322.3,0,0,0,121.4
2000,107,Manhattan,71050.9,0,8704,0,0,0,118.6
2001,107,Manhattan,72649.7,94.4,9156.6,0,0,0,121.1
2002,107,Manhattan,76495.3,58.5,4589.1,0,0,0,89.7
2003,107,Manhattan,80500.8,4.7,0,0,0,0,51.2
2004,107,Manhattan,74566.1,13364.8,5661.2,0,0,0,82.1
2005,107,Manhattan,72087.9,17529.7,7486.4,0,0,0,67.2
2006,107,Manhattan,71253,14992.8,7272.6,0,0,0,67.2
2007,107,Manhattan,69762.1,14504.6,7240.7,0,0,0,67.2
2008,107,Manhattan,66715.4,16339.5,7446.7,0,0,0,67.2
2009,107,Manhattan,64016.7,14474.4,7604.9,0,0,0,72
2010,107,Manhattan,62359.1,14402.9,7426.9,0,0,0,76.8
2011,107,Manhattan,64649.7,13949.3,7535.5,0,0,0,96
2012,107,Manhattan,62532.3,13441.8,7313,0,79.8,0,96
2013,107,Manhattan,62534.2,12666.6,7427.1,0,357,0,105.6
2014,107,Manhattan,61496.9,12658.5,7953.2,36.9,416.2,0,111.4
2015,107,Manhattan,60041.8,13562.7,8423.6,166.7,272.1,0,110.4
2016,107,Manhattan,59292.5,14069,9103.2,176.6,282.6,0,105.6
2017,107,Manhattan,58931.2,13395.5,9151.7,242.5,300,0,93.9
2018,107,Manhattan,59094.4,14042,9243.9,288.9,346.6,0,57.6
2019,107,Manhattan,56333.6,13518.6,9291.1,451.9,400.7,0,86.4
2020,107,Manhattan,51776.6,11879.9,9342.3,154,111.8,0,81
2021,107,Manhattan,52850.5,12509.2,8909.4,14.6,44.4,0,81.6
2022,107,Manhattan,51964.9,11644.4,8460.1,519.4,337.1,0,42.8
2023,107,Manhattan,38882,8377.5,6265.1,526.3,259.1,0,60.3
1990,108,Manhattan,30653.5,0,0,0,0,0,0
1991,108,Manhattan,78136.7,0,0,0,0,0,0
1992,108,Manhattan,77790.3,0,0,0,0,0,0
1993,108,Manhattan,71638,12133.1,4049.1,0,0,0,0
1994,108,Manhattan,73888.9,17336.9,6561.9,0,0,0,81.3
1995,108,Manhattan,74200.3,12794.6,6543.4,0,0,0,95.3
1996,108,Manhattan,76658.5,16270.9,6425.1,0,0,0,112.2
1997,108,Manhattan,74778.6,9173,7283.3,0,0,0,123.4
1998,108,Manhattan,73890.5,2773.5,8238,0,0,0,113.6
1999,108,Manhattan,72721.7,1008.2,8937.6,0,0,0,125.5
2000,108,Manhattan,73332.6,9.6,9280.2,0,0,0,111.2
2001,108,Manhattan,73770.6,206.5,9680.2,0,0,0,123.8
2002,108,Manhattan,79336.9,46.4,4927.5,0,0,0,114.1
2003,108,Manhattan,87204.8,7,0,0,0,0,5.8
2004,108,Manhattan,82351.5,15530.3,5775,0,0,0,61.6
2005,108,Manhattan,80159,20446.9,8010.8,0,0,0,84
2006,108,Manhattan,78642.5,16376.6,7956.9,0,0,0,84
2007,108,Manhattan,77166.4,16258.6,7817.5,0,0,0,78
2008,108,Manhattan,73012.4,18978.7,8143.1,0,0,0,84
2009,108,Manhattan,68522.5,15768.5,8199.9,0,0,0,101
2010,108,Manhattan,66827.5,15234.8,7712.9,0,0,0,87.5
2011,108,Manhattan,69473.6,14052.4,7932.6,0,0,0,63
2012,108,Manhattan,67258.4,13468.3,7591.4,0,0,0,100
2013,108,Manhattan,66039.3,13217.5,7630,0,0,0,192
2014,108,Manhattan,64381.9,13541.9,8170.5,39.1,0,0,142
2015,108,Manhattan,63034.6,14014.8,8791.2,134.4,0,0,114
2016,108,Manhattan,62145,14351,9263.4,81.7,0,0,138
2017,108,Manhattan,63134.6,13695.4,9306.7,158.4,0,0,185
2018,108,Manhattan,62726,14632.1,9482.6,174,0,0,144
2019,108,Manhattan,61116,14355.1,9566.9,238.4,0,0,150
2020,108,Manhattan,54318.1,12518.4,9564.1,72.8,0,0,162
2021,108,Manhattan,56908.5,13250.4,8950.8,0,0,0,96
2022,108,Manhattan,57306,12360,8706,0,0,0,89.2
2023,108,Manhattan,42906.7,8936,6406,0,0,0,75.1
1990,109,Manhattan,8648.3,0,0,0,0,0,0
1991,109,Manhattan,42710.6,0,0,0,0,0,0
1992,109,Manhattan,42158,0,0,0,0,0,0
1993,109,Manhattan,38362.1,1702.4,991.4,0,0,0,0
1994,109,Manhattan,38386.4,2502.8,1483.5,0,0,0,10.6
1995,109,Manhattan,37788.5,2401.1,1539.7,0,0,0,13
1996,109,Manhattan,39122.9,2452.2,1463.4,0,0,0,13.5
1997,109,Manhattan,37398,1295.9,1949.7,0,0,0,11.9
1998,109,Manhattan,37344.3,444,2627.3,0,0,0,16.1
1999,109,Manhattan,38043,830.8,2968.7,0,0,0,16.7
2000,109,Manhattan,34888.6,0,3110.5,0,0,0,21.8
2001,109,Manhattan,36552,125.7,3279.1,0,0,0,21.7
2002,109,Manhattan,38365,59.9,1574.4,0,0,0,12.2
2003,109,Manhattan,40078.5,7.1,0,0,0,0,14.2
2004,109,Manhattan,38611.2,2386.6,1698.2,0,0,0,13.1
2005,109,Manhattan,37776,3310,2371.5,0,0,0,8.2
2006,109,Manhattan,36632.3,3282.4,2302.5,0,0,0,12.3
2007,109,Manhattan,35375.3,3261.9,2118.6,0,0,0,12.3
2008,109,Manhattan,33614.3,3359.6,2153.7,0,0,0,8.2
2009,109,Manhattan,32084,3181.7,2251.1,0,0,0,12.3
2010,109,Manhattan,31547.4,3077.7,2212.4,0,0,0,16.4
2011,109,Manhattan,32158.8,3112.9,2215.2,0,0,0,12.3
2012,109,Manhattan,30399.2,2999.9,2162.2,0,0,0,14.7
2013,109,Manhattan,29970.2,3168.9,2300.3,0,0,0,20.5
2014,109,Manhattan,29498.7,3183.1,2533.1,0,95.8,0,20.7
2015,109,Manhattan,28370.8,3229.2,2817.2,35,321.3,0,16.4
2016,109,Manhattan,28369.7,3379.4,3117,233,462.4,0,24.6
2017,109,Manhattan,27679.1,3345.1,3114.5,319.2,684.9,0,28.7
2018,109,Manhattan,27226.9,3356.6,3125.7,218.3,713.7,0,36.9
2019,109,Manhattan,26247.2,3295.5,3180.1,307.2,656.2,0,20.5
2020,109,Manhattan,26603.6,3261,3524.2,145.1,147.3,0,20.5
2021,109,Manhattan,26315.6,3279.3,3235.4,0,49.1,0,18.5
2022,109,Manhattan,25500.5,3030.7,2984.9,0,249.6,0,15.9
2023,109,Manhattan,18928.7,2139.1,2247.7,0,315.4,0,12.7
1990,110,Manhattan,14429.2,0,0,0,0,0,0
1991,110,Manhattan,37401.4,0,0,0,0,0,0
1992,110,Manhattan,38634.7,0,0,0,0,0,0
1993,110,Manhattan,36961.4,575.5,477.2,0,0,0,0
1994,110,Manhattan,38959,798.3,810.7,0,0,0,14.1
1995,110,Manhattan,38158.5,827.6,896.1,0,0,0,10.4
1996,110,Manhattan,38432.3,807.5,771.9,0,0,0,5.3
1997,110,Manhattan,37628.7,445.4,1045.7,0,0,0,10.2
1998,110,Manhattan,36632.9,202.2,1388.6,0,0,0,12.4
1999,110,Manhattan,35540.1,285.6,1907.9,0,0,0,15.9
2000,110,Manhattan,34753.4,0,2157.6,0,0,0,13.3
2001,110,Manhattan,36162.1,39.8,2198.7,0,0,0,19.1
2002,110,Manhattan,37660,92.1,1087,0,0,0,10.7
2003,110,Manhattan,37880.3,12.6,0,0,0,0,10
2004,110,Manhattan,37305.8,1367.7,1320.7,0,0,0,8.6
2005,110,Manhattan,36764.9,1994.5,1713.2,0,0,0,10.8
2006,110,Manhattan,35557.9,2119.2,1690.4,0,0,3.4,7.2
2007,110,Manhattan,35135.7,2184.7,1529.1,0,0,0,8.7
2008,110,Manhattan,34466.2,2251.6,1596.2,0,0,0,10.8
2009,110,Manhattan,34642.7,2289.6,1760,0,0,0,10.8
2010,110,Manhattan,33873,2347.7,1755.4,0,0,0,18
2011,110,Manhattan,35220.1,2479.3,1779.2,0,0,0,15.4
2012,110,Manhattan,33704.8,2395.1,1786.3,0,0,0,46.6
2013,110,Manhattan,33721.5,2516.1,1921.7,0,0,0,25.2
2014,110,Manhattan,33452.8,2740.9,2197.8,0,0,0,25.2
2015,110,Manhattan,33065.1,2971.2,2566.4,0,79,0,21.6
2016,110,Manhattan,33081.2,3176.7,2927,0,114.2,0,18
2017,110,Manhattan,33275.1,3170.8,2990.5,0,158.3,0,37.8
2018,110,Manhattan,33449,3214.4,3012.4,0,209,0,28.8
2019,110,Manhattan,31764.9,3197.8,3095.3,34.1,133.2,0,21.6
2020,110,Manhattan,32536.2,3490.9,3495.8,68.8,78,21,25.2
2021,110,Manhattan,32529.8,3400.1,3193.4,0,59,24.5,28.8
2022,110,Manhattan,30805.8,3072.5,2841.3,0,170.6,40,10.8
2023,110,Manhattan,22795.6,2217,2107.2,0,61.1,0,14.4
1990,111,Manhattan,14945.3,0,0,0,0,0,0
1991,111,Manhattan,38425.8,0,0,0,0,0,0
1992,111,Manhattan,38176.5,0,0,0,0,0,0
1993,111,Manhattan,37857.5,807.1,439.1,0,0,0,0
1994,111,Manhattan,40009.6,1168.8,655.8,0,0,0,9.2
1995,111,Manhattan,38011.4,1073.2,700.4,0,0,0,15.3
1996,111,Manhattan,38441.7,1020.8,625.2,0,0,0,11.2
1997,111,Manhattan,37741.7,556.2,832.7,0,0,0,16.8
1998,111,Manhattan,37463,168.3,1090.7,0,0,0,19.9
1999,111,Manhattan,34142.5,437.4,1601,0,0,0,17.7
2000,111,Manhattan,33889.5,0,1936.9,0,0,0,24.6
2001,111,Manhattan,34832.9,76.8,1950,0,0,0,22.1
2002,111,Manhattan,35703.7,79.2,995.6,0,0,0,4.9
2003,111,Manhattan,33340,7.2,0,0,0,0,9.1
2004,111,Manhattan,31090.4,1490.5,1268.8,0,0,0,10
2005,111,Manhattan,30966.5,2054.4,1587,0,0,0,7.5
2006,111,Manhattan,30756.5,2022.5,1534.1,0,0,10.8,7.5
2007,111,Manhattan,28623.2,2031.6,1413.5,0,0,0,5
2008,111,Manhattan,27124,2149.5,1450.1,0,0,0,7.5
2009,111,Manhattan,26709.4,2072.6,1524.7,0,0,0,7.5
2010,111,Manhattan,25589.6,2013.9,1452.5,0,0,0,7
2011,111,Manhattan,27116.3,2103.4,1474.7,0,0,0,7.5
2012,111,Manhattan,26786.3,2057.2,1467.8,0,0,0,10
2013,111,Manhattan,26605.2,2144.9,1575.5,0,0,0,17.5
2014,111,Manhattan,26188.6,2391.8,1868.3,0,112.6,0,13.6
2015,111,Manhattan,26405.5,2509.4,2146,0,206.1,0,10
2016,111,Manhattan,26733.8,2610.2,2340.3,0,105.7,0,15
2017,111,Manhattan,26817.1,2614.5,2274.5,0,120.6,0,15
2018,111,Manhattan,27234.6,2662.5,2253.7,0,96.6,0,17.5
2019,111,Manhattan,27363.4,2531.7,2251.1,0,136,0,17.5
2020,111,Manhattan,26910.6,2763.9,2569.1,3.8,0,0,12.5
2021,111,Manhattan,27709,2708.4,2320.6,0,0,0,12.2
2022,111,Manhattan,27931.7,2474.4,2137.1,0,34.9,0,9.8
2023,111,Manhattan,21381.3,1834.6,1586.5,0,102.6,0,11.2
1990,112,Manhattan,16811.1,0,0,0,0,0,0
1991,112,Manhattan,77951.7,0,0,0,0,0,0
1992,112,Manhattan,77032.2,0,0,0,0,0,0
1993,112,Manhattan,71079.1,2281,2070.5,0,0,0,0
1994,112,Manhattan,74848.8,3293.7,2873,0,0,0,11.2
1995,112,Manhattan,74078.2,3012,2937.5,0,0,0,12.1
1996,112,Manhattan,74432.6,2965.3,2778.9,0,0,0,10.2
1997,112,Manhattan,71212.5,1685.1,4542.7,0,0,0,19.3
1998,112,Manhattan,69476.5,670.4,6002.3,0,0,0,31.5
1999,112,Manhattan,68943,1099.6,7247.1,0,0,0,29.8
2000,112,Manhattan,69536.4,75.9,7909.7,0,0,0,34.8
2001,112,Manhattan,72554.1,126.7,8083.3,0,0,0,43.4
2002,112,Manhattan,77182.3,193,3852.5,0,0,0,25.3
2003,112,Manhattan,79889.9,28.2,0,0,0,0,0
2004,112,Manhattan,74854,3995.5,4618.2,0,0,0,12.1
2005,112,Manhattan,73659.2,5228.2,5463.7,0,0,0,25.6
2006,112,Manhattan,70799.1,5249,5006,0,0,0,19.2
2007,112,Manhattan,69032.4,5185.6,4500.2,0,0,0,32
2008,112,Manhattan,66730.8,5100.1,4497.3,0,0,0,25.6
2009,112,Manhattan,64520.8,5165.9,4964.5,0,0,0,32
2010,112,Manhattan,62564.6,4994,4727.9,0,0,0,31
2011,112,Manhattan,64334,5028,4569,0,0,0,29.6
2012,112,Manhattan,61109.8,4763.9,4433.5,0,0,0,25.6
2013,112,Manhattan,59573.5,5052.6,4581.3,0,0,0,38.4
2014,112,Manhattan,59570.6,5241.4,5122.4,0,365.7,0,41.6
2015,112,Manhattan,57622.9,5624.4,5789.5,0,272.6,0,44.8
2016,112,Manhattan,58010.5,5598.7,6127.5,0,273.8,0,38.4
2017,112,Manhattan,57932,5492.9,5887.8,0,341.6,0,44.8
2018,112,Manhattan,57980.2,5532.1,5881.7,309.4,376.6,0,70.4
2019,112,Manhattan,56114.7,5393.7,6022.7,388.1,356.6,0,32
2020,112,Manhattan,59208,6044.7,6846.4,123.7,107.3,0,32
2021,112,Manhattan,58106.7,5771.9,6221.2,0,113.5,0,25.6
2022,112,Manhattan,54182,5086.9,5596.7,0,259.8,0,15.1
2023,112,Manhattan,40631.2,3689.3,4243.7,0,181.1,0,44.8
1991,201,Bronx,20621.3,0,0,0,0,0,0
1992,201,Bronx,29604.3,0,0,0,0,0,0
1993,201,Bronx,28184.6,69.3,171.1,0,0,0,0
1994,201,Bronx,28513.6,428.2,503.2,0,0,0,0
1995,201,Bronx,26316.2,452.3,566.3,0,0,0,6.2
1996,201,Bronx,25935.4,450.5,688.6,0,0,0,0
1997,201,Bronx,24505.5,449.4,821.1,0,0,0,7
1998,201,Bronx,24046.1,688.6,1217.4,0,0,0,8.5
1999,201,Bronx,23014.2,855.9,1421.4,0,0,0,1.5
2000,201,Bronx,22444.2,927.6,1470.9,0,0,5.6,5.6
2001,201,Bronx,22886.3,976.4,1551.2,0,0,10,5.7
2002,201,Bronx,23541.9,784.3,679.8,0,0,0,3.4
2003,201,Bronx,24539.2,668.7,0,0,0,0,0
2004,201,Bronx,22936.4,833.5,818.8,0,0,0,3.4
2005,201,Bronx,22743.1,822.6,964.2,0,0,0,3.4
2006,201,Bronx,22578.9,853.8,1004.1,0,0,0,3.4
2007,201,Bronx,23420.7,932,957,0,0,0,6.8
2008,201,Bronx,23913.4,991.3,919,0,0,0,3.4
2009,201,Bronx,23060.7,1006.6,963.5,0,0,0,3.4
2010,201,Bronx,23305.6,1069.5,922.7,0,0,0,3.4
2011,201,Bronx,24847.8,1083.4,952.7,0,0,0,0
2012,201,Bronx,23903.6,1007.1,999,0,0,0,3.4
2013,201,Bronx,23572.7,1118,1098.8,0,0,0,3.4
2014,201,Bronx,22968.7,1138.7,1193.5,0,0,0,3.4
2015,201,Bronx,22259.4,1234.5,1348.2,0,0,0,6.8
2016,201,Bronx,22588.5,1314,1546.2,0,0,0,6.8
2017,201,Bronx,22647.8,1326.4,1604.5,0,0,0,6.8
2018,201,Bronx,22833.4,1412.9,1636.2,42.2,0,0,16.6
2019,201,Bronx,23298.3,1468.6,1744.5,78.9,0,0,2.4
2020,201,Bronx,26341.4,1839.9,1997.7,19.5,0,0,23.8
2021,201,Bronx,27194.7,1861.6,1909.2,0,0,0,3.4
2022,201,Bronx,25486.8,1494.3,1643,0,0,0,6.8
2023,201,Bronx,19816.9,1142.3,1280.5,0,279.6,0,3.4
1991,202,Bronx,12450.1,0,0,0,0,0,0
1992,202,Bronx,18103.5,0,0,0,0,0,0
1993,202,Bronx,17461.8,139,174.1,0,0,0,0
1994,202,Bronx,17855.9,348.2,541.6,0,0,0,8.3
1995,202,Bronx,18415.6,373.9,588.2,0,0,0,0
1996,202,Bronx,18413.9,407.2,813.1,0,0,0,0
1997,202,Bronx,17900.1,425,988.8,0,0,0,2.4
1998,202,Bronx,16418.8,548.3,1267.4,0,0,0,5.3
1999,202,Bronx,15948.8,642.3,1463.3,0,0,0,3.9
2000,202,Bronx,16396.4,736.1,1656.5,0,0,0,3.7
2001,202,Bronx,17059.3,732.7,1641.9,0,0,0,4.6
2002,202,Bronx,18675.4,685.4,789.6,0,0,0,4.5
2003,202,Bronx,20335.9,570.2,0,0,0,0,0
2004,202,Bronx,19795.2,735.8,795.1,0,0,0,4.5
2005,202,Bronx,19718.2,723.7,961,0,0,0,4.5
2006,202,Bronx,19757.1,766.1,958.6,0,0,0,4.5
2007,202,Bronx,20132.2,779.4,894,0,0,0,4.5
2008,202,Bronx,20710.1,828.2,972.6,0,0,15,8.7
2009,202,Bronx,20358.4,899.7,1087.7,0,0,0,9
2010,202,Bronx,20061.2,903.8,1058.4,0,0,0,4.5
2011,202,Bronx,20916.9,916.4,1024.8,0,0,0,0
2012,202,Bronx,19510.2,866.5,1015.9,0,0,0,4.5
2013,202,Bronx,18756.9,895.4,1072.9,0,0,0,4.5
2014,202,Bronx,18313.8,963,1195.1,0,0,0,4.5
2015,202,Bronx,17685.3,1060.7,1424.9,0,0,0,4.5
2016,202,Bronx,17756.8,1147.1,1662.8,0,0,0,9
2017,202,Bronx,17906.4,1118.2,1732,0,0,0,13.5
2018,202,Bronx,18017.1,1187.2,1789.4,0,0,0,36
2019,202,Bronx,17736.6,1294.1,1838.7,0,0,0,7.2
2020,202,Bronx,19618.5,1548.8,2074.1,0,0,9.5,4.5
2021,202,Bronx,19709.7,1542.5,1948.7,0,0,13.5,3
2022,202,Bronx,18020.7,1248.9,1653,0,0,47.5,9.8
2023,202,Bronx,13708.9,901.2,1256.7,0,107.2,15,4.5
1991,203,Bronx,16885.9,0,0,0,0,0,0
1992,203,Bronx,25200.2,0,0,0,0,0,0
1993,203,Bronx,23971.9,71.9,200.2,0,0,0,0
1994,203,Bronx,23722.5,408.8,559,0,0,0,2.6
1995,203,Bronx,23453.3,420.5,554.1,0,0,0,7
1996,203,Bronx,23893,420.5,630.6,0,0,0,0
1997,203,Bronx,24009.6,419.7,707.4,0,0,0,0
1998,203,Bronx,23530.9,557.1,898.8,0,0,0,4.6
1999,203,Bronx,24123.5,729.8,991.7,0,0,0,4.6
2000,203,Bronx,23234.3,708.2,1177.2,0,0,0,2.6
2001,203,Bronx,22684.1,759.3,1270.6,0,0,0,4.4
2002,203,Bronx,23210.5,684.7,652.3,0,0,0,2.1
2003,203,Bronx,22131.8,558.3,0,0,0,0,0
2004,203,Bronx,21098.6,668.8,669.1,0,0,0,2.1
2005,203,Bronx,21501.8,728.7,825.7,0,0,0,2.1
2006,203,Bronx,21636.1,749.6,750.2,0,0,0,2.1
2007,203,Bronx,21687.4,826.9,760.7,0,0,0,2.1
2008,203,Bronx,22362.5,877.2,854.9,0,0,0,2.1
2009,203,Bronx,21966.8,901.5,941.6,0,0,0,4.2
2010,203,Bronx,21525.9,951.1,983.9,0,0,0,2.1
2011,203,Bronx,23282.5,1058.9,1031.2,0,0,0,0
2012,203,Bronx,22737.5,1030.9,1031.8,0,0,0,2.1
2013,203,Bronx,22766.1,1146.2,1129.5,0,0,0,4.2
2014,203,Bronx,21993.1,1290.8,1307.6,0,0,0,2.1
2015,203,Bronx,21425.8,1338.5,1581.6,0,0,0,2.1
2016,203,Bronx,22358.1,1479.7,1930.7,0,0,0,2.1
2017,203,Bronx,23170.7,1420.5,1844.3,0,0,0,6.3
2018,203,Bronx,23281.1,1515.2,1984.5,0,0,0,14.8
2019,203,Bronx,22745.1,1479.7,2265.9,0,0,16.5,4.5
2020,203,Bronx,25737.8,2152.7,2940.2,0,0,0,2.1
2021,203,Bronx,26798.1,1870.7,2408.4,0,0,0,2.1
2022,203,Bronx,24492.7,1554,1903,0,0,0,4.2
2023,203,Bronx,18962.2,1196.7,1439.7,0,331.5,0,4.2
1991,204,Bronx,33643,0,0,0,0,0,0
1992,204,Bronx,50573.1,0,0,0,0,0,0
1993,204,Bronx,47242.1,622.6,653.8,0,0,0,0
1994,204,Bronx,49029.1,1260.2,1216.6,0,0,0,0
1995,204,Bronx,49047.8,1318.4,1367.1,0,0,0,0
1996,204,Bronx,49647.7,1303.2,1860.8,0,0,0,0
1997,204,Bronx,49088.1,1356.3,2362.9,0,0,0,1.3
1998,204,Bronx,48359.6,1493.1,2823.2,0,0,0,4.7
1999,204,Bronx,48853.3,1629.4,3267.4,0,0,0,5.5
2000,204,Bronx,49818.8,1699,3515.2,0,0,0,7.7
2001,204,Bronx,51609.5,1823,3684,0,0,0,10.1
2002,204,Bronx,54246,1718.8,1801.8,0,0,0,12.3
2003,204,Bronx,55917,1466.6,0,0,0,0,0
2004,204,Bronx,55152.3,1765.8,2020.3,0,0,0,6.2
2005,204,Bronx,54496.8,1851.2,2419.4,0,0,0,6.2
2006,204,Bronx,54086.9,1924.7,2269.4,0,0,0,7.2
2007,204,Bronx,53391.1,2028.4,2102.7,0,0,0,12.4
2008,204,Bronx,55904.6,2178.4,2240.2,0,0,0,10.2
2009,204,Bronx,53963,2131.1,2392.9,0,0,0,12.4
2010,204,Bronx,53173.2,2140.7,2272.6,0,0,0,12.4
2011,204,Bronx,56498.3,2192.7,2183.6,0,0,0,0
2012,204,Bronx,53420.3,2118.3,2099.6,0,0,0,6.2
2013,204,Bronx,52183.5,2252.7,2299.4,0,0,0,18.6
2014,204,Bronx,50088,2404.8,2610.9,0,0,0,12.4
2015,204,Bronx,47931.2,2495.8,2972,0,0,0,12.4
2016,204,Bronx,48732.4,2625.3,3534.6,0,0,0,12.4
2017,204,Bronx,49094.6,2646.4,3797.7,0,0,0,12.4
2018,204,Bronx,48819.2,2798,3964.6,107.3,0,0,49.6
2019,204,Bronx,47188.7,2884,4245.2,186.2,0,0,12
2020,204,Bronx,51103.5,3692,5060.3,46.9,0,0,6.2
2021,204,Bronx,49405.9,3760.9,4645.9,0,0,0,6.2
2022,204,Bronx,45366.8,3149.7,4020.6,0,152.7,0,12.4
2023,204,Bronx,34910.7,2190.8,2917.5,0,493.4,0,6.2
1991,205,Bronx,31682,0,0,0,0,0,0
1992,205,Bronx,46179.8,0,0,0,0,0,0
1993,205,Bronx,42133,411.6,588.1,0,0,0,0
1994,205,Bronx,44060.8,935,1322.3,0,0,0,0
1995,205,Bronx,44555.1,985.4,1458,0,0,0,0
1996,205,Bronx,44277.4,1051.4,2127.2,0,0,0,0
1997,205,Bronx,42354.7,1102.7,2472.6,0,0,0,0
1998,205,Bronx,40488,1388.2,3316.2,0,0,0,7.7
1999,205,Bronx,40476.9,1630.3,3670.9,0,0,0,8.7
2000,205,Bronx,41205.3,1844.3,4290.8,0,0,0,8.3
2001,205,Bronx,41678.5,2090.5,4809.7,0,0,0,11.6
2002,205,Bronx,45673.2,1965.2,2446.6,0,0,0,7.6
2003,205,Bronx,48091.1,1602.8,0,0,0,0,0
2004,205,Bronx,45853.3,2066.4,2824.3,0,0,0,3.8
2005,205,Bronx,44159,2151.2,3640.8,0,0,0,11.4
2006,205,Bronx,43657.4,2173.6,3426,0,0,3.1,3.8
2007,205,Bronx,43435.8,2169.4,3007.6,0,0,0,7.6
2008,205,Bronx,44845.2,2157.7,2921.3,0,0,0,7.6
2009,205,Bronx,43873.1,2099.3,2925.7,0,0,0,7.6
2010,205,Bronx,42959.9,2137.8,2724.6,0,0,0,7.6
2011,205,Bronx,46072.8,2182.8,2681,0,0,0,0
2012,205,Bronx,43401.3,2042.8,2568.4,0,0,0,3.8
2013,205,Bronx,42271.5,2122.3,2683.9,0,0,0,3.8
2014,205,Bronx,41398.9,2266.4,2932.6,0,0,0,7.6
2015,205,Bronx,40499.8,2322.1,3261.5,0,0,0,7.6
2016,205,Bronx,41345.1,2420.7,3773.7,0,0,0,7.6
2017,205,Bronx,41894.6,2357.9,3719.5,0,0,2.8,11.4
2018,205,Bronx,42073.6,2410.6,3724.3,21.3,0,3.3,28.5
2019,205,Bronx,40699.5,2384.3,3813,0,0,2.7,20
2020,205,Bronx,44051.4,3215.5,4668,0,0,0,3.8
2021,205,Bronx,42531.6,3227.9,4588,0,0,0,7.6
2022,205,Bronx,38590.1,2497.7,3808.1,0,176.2,0,7.6
2023,205,Bronx,29633.8,1828.8,2940.1,0,543.7,0,7.6
1991,206,Bronx,24130.1,0,0,0,0,0,0
1992,206,Bronx,25252.1,0,0,0,0,0,0
1993,206,Bronx,23267.5,86.9,133.2,0,0,0,0
1994,206,Bronx,24141.6,564.1,760.2,0,0,0,4.1
1995,206,Bronx,24611.3,533.2,748,0,0,0,7.8
1996,206,Bronx,24767.4,577.4,954.8,0,0,0,0
1997,206,Bronx,23857.5,652.3,1161.2,0,0,0,3.7
1998,206,Bronx,23648.7,768.4,1451.7,0,0,0,4
1999,206,Bronx,23927.5,859.9,1659.8,0,0,0,5.2
2000,206,Bronx,24605.7,1001.8,1894.8,0,0,0,7.1
2001,206,Bronx,25703.7,1087.9,2142.5,0,0,0,6.3
2002,206,Bronx,28060,1067.3,1142,0,0,0,4.6
2003,206,Bronx,29906.1,917.5,0,0,0,0,0
2004,206,Bronx,28487.5,1092.5,1264.6,0,0,0,4.6
2005,206,Bronx,28281.6,1084.7,1559.5,0,0,0,4.6
2006,206,Bronx,28136.6,1108.6,1532.7,0,0,0,4.6
2007,206,Bronx,28020.6,1164,1415,0,0,0,9.2
2008,206,Bronx,28528.6,1286.4,1512.6,0,0,0,9.2
2009,206,Bronx,28063.5,1255.4,1565.2,0,0,0,9.2
2010,206,Bronx,26998.9,1271.2,1497.7,0,0,0,4.6
2011,206,Bronx,27900.1,1281.8,1476.9,0,0,0,0
2012,206,Bronx,26765.6,1212,1442.7,0,0,0,4.6
2013,206,Bronx,26141.7,1286.8,1553.8,0,0,0,4.6
2014,206,Bronx,25581.9,1364.4,1664.9,0,118.7,0,4.6
2015,206,Bronx,25019.8,1387.9,1768.2,0,580.6,0,4.6
2016,206,Bronx,25541.5,1490.3,2158.9,0,699.2,0,4.6
2017,206,Bronx,25704.2,1561.1,2224.5,3.6,671.2,0,9.2
2018,206,Bronx,26344.1,1604,2234.9,65.6,519.3,0,23
2019,206,Bronx,26258.2,1693.3,2317.6,144.3,431.1,0,6.3
2020,206,Bronx,28959,2362.3,2968.9,44.8,93.3,0,18.4
2021,206,Bronx,29229.2,2416.8,2788.2,0,154.7,0,4.6
2022,206,Bronx,27146.8,1709.1,2297.4,0,647.3,0,9.2
2023,206,Bronx,20643.1,1285,1727.2,0,398.2,0,4.6
1991,207,Bronx,34463.3,0,0,0,0,0,0
1992,207,Bronx,50562.2,0,0,0,0,0,0
1993,207,Bronx,45725.7,777.8,749.5,0,0,0,0
1994,207,Bronx,46499.7,1342.6,1259.1,0,0,0,8
1995,207,Bronx,46404.3,2234.5,2255.4,0,0,0,12.8
1996,207,Bronx,45003.1,2382.1,3633.4,0,0,0,6.9
1997,207,Bronx,42157.5,2566,4926.6,0,0,67.3,13.3
1998,207,Bronx,41817.8,2796.4,5549.8,0,0,27.7,22
1999,207,Bronx,42275,2970.8,5658.3,0,0,24.8,24.5
2000,207,Bronx,43350.9,2963.2,5992.5,0,0,23.5,27.5
2001,207,Bronx,45368.5,3168.6,6181.8,0,0,29.6,29.8
2002,207,Bronx,50005.3,2804.6,2977.1,0,0,0,20.4
2003,207,Bronx,52655,2416.1,0,0,0,0,0
2004,207,Bronx,49656.9,2995.8,3248.2,0,0,23.6,7.8
2005,207,Bronx,47321,3177.5,4125.4,0,0,13.1,11.7
2006,207,Bronx,46792.9,3155,3799.8,0,0,13.4,7.8
2007,207,Bronx,46169.7,3112.1,3440.6,0,0,2.9,11.7
2008,207,Bronx,47801.2,3005.3,3280.7,0,0,0,11.7
2009,207,Bronx,46424.1,2877.3,3329.6,0,0,0,11.7
2010,207,Bronx,45118.8,2810,3059.5,0,0,0,11.7
2011,207,Bronx,48376.8,2915.9,3012,0,0,0,0
2012,207,Bronx,45727.2,2709.8,2954.4,0,0,0,7.8
2013,207,Bronx,44461.7,2732.9,3120.8,0,0,0,15.6
2014,207,Bronx,43407.3,2943.9,3624.5,0,0,0,11.7
2015,207,Bronx,42474.3,3025,4018.6,0,0,0,11.7
2016,207,Bronx,43894.2,3131.1,4593.1,0,0,2.5,15.6
2017,207,Bronx,44099.8,3180.3,4806.8,0,0,13.2,19.5
2018,207,Bronx,44414.4,3366.4,5045.4,0,0,3.1,31.2
2019,207,Bronx,43531.9,3319.1,5364.1,0,0,2.5,9.6
2020,207,Bronx,46297.4,4279.5,6586.9,0,0,0,15.6
2021,207,Bronx,45283.2,4251.6,6601.3,0,0,8.6,11.7
2022,207,Bronx,42035.7,3364.2,5323.2,0,76.6,17.2,11.7
2023,207,Bronx,32022.4,2490.3,3990.6,0,225.5,0,7.8
1991,208,Bronx,25250.4,0,0,0,0,0,0
1992,208,Bronx,36237.5,0,0,0,0,0,0
1993,208,Bronx,31267.8,1214.8,619,0,0,0,0
1994,208,Bronx,31905.7,2080.4,992.7,0,0,0,16.3
1995,208,Bronx,31666.5,3382.2,1727.2,0,0,0,21.8
1996,208,Bronx,31379,3772.9,2338.2,0,0,0,0
1997,208,Bronx,29498,4065.8,2784.9,0,0,160.9,21.5
1998,208,Bronx,29313.7,4490.3,3104.6,0,0,163.9,29.8
1999,208,Bronx,29224.9,4962.7,3484.2,0,0,164.5,34.8
2000,208,Bronx,29633.5,4720.4,3568,0,0,167.3,47.3
2001,208,Bronx,30518.1,4987,3767,0,0,205.8,39.8
2002,208,Bronx,33230.6,4603.3,1939.6,0,0,0,26.6
2003,208,Bronx,35282.9,4399.8,0,0,0,0,0
2004,208,Bronx,32186.5,5059.5,2593.9,0,0,212.5,7.2
2005,208,Bronx,30675.7,5010.2,3398,0,0,139.9,14.4
2006,208,Bronx,30508.1,4870.1,3282.4,0,0,162.1,10.8
2007,208,Bronx,30325.1,4712.1,3122.1,0,0,37.8,14.4
2008,208,Bronx,31249.9,4484.7,3081.6,0,0,0,18.3
2009,208,Bronx,30482,4088.5,3133.1,0,0,0,7.2
2010,208,Bronx,30267.9,3883,2892.4,0,0,0,18
2011,208,Bronx,32121.9,4019.4,2893.3,0,0,0,0
2012,208,Bronx,30134.4,3768.6,2878.3,0,0,0,18
2013,208,Bronx,28776,3858.9,3104.4,0,0,0,18
2014,208,Bronx,28641.3,3972.5,3393.7,0,0,0,21.6
2015,208,Bronx,27572.1,4002.2,3724,194.9,0,0,10.8
2016,208,Bronx,28016.1,4116.7,4018.4,301,0,16.5,28.8
2017,208,Bronx,28474.3,4028.1,4054.3,424.8,0,53.7,32.4
2018,208,Bronx,28214.4,4016.2,4236.9,718.9,0,39.6,25.2
2019,208,Bronx,27206.1,3940.2,4350.5,739.1,0,29,34.9
2020,208,Bronx,29374.2,4286.6,5033.9,229,0,0,21.6
2021,208,Bronx,29140.8,4043.3,4640.4,16.4,0,8.6,10.8
2022,208,Bronx,26514.9,3621.2,4203,403.4,0,25.9,7.2
2023,208,Bronx,20595,2632.9,3156.6,364.6,50.6,0,7.2
1991,209,Bronx,60092.4,0,0,0,0,0,0
1992,209,Bronx,64238.1,0,0,0,0,0,0
1993,209,Bronx,57964.9,762.3,755,0,0,0,0
1994,209,Bronx,60219.1,1342.8,1586.3,0,0,0,15.9
1995,209,Bronx,59632.9,2110.8,2592.2,0,0,0,16.6
1996,209,Bronx,57539.8,1912,2669.1,0,0,0,8.9
1997,209,Bronx,54917.2,1996.5,3007.1,0,0,0,16.6
1998,209,Bronx,54679.6,2275.5,3481,0,0,0,27.4
1999,209,Bronx,52417.7,2398.4,3697.2,0,0,0,26.4
2000,209,Bronx,52293.9,2608.9,4119.4,0,0,8.5,29.4
2001,209,Bronx,53424.6,2572.8,4161.6,0,0,0,30.3
2002,209,Bronx,57971.7,2292.1,1996.3,0,0,0,19.3
2003,209,Bronx,58876.5,1982.9,0,0,0,0,0
2004,209,Bronx,55746.8,2519.8,2398,0,0,0,9.8
2005,209,Bronx,55663.6,2530.7,2926.6,0,0,0,14.7
2006,209,Bronx,55382,2532.3,2692.1,0,0,95.5,14.7
2007,209,Bronx,54538.9,2459.7,2602,0,0,12.6,19.6
2008,209,Bronx,55120.4,2550.8,2765.6,0,0,0,19.6
2009,209,Bronx,53392.6,2556,2914.7,0,0,0,9.8
2010,209,Bronx,51999,2376.7,2769,0,0,0,9.8
2011,209,Bronx,55025.3,2380.8,2804.9,0,0,0,0
2012,209,Bronx,51459.8,2185.5,2651.9,0,0,0,9.8
2013,209,Bronx,49423.6,2207.3,2752.5,0,0,0,14.7
2014,209,Bronx,45361,2266.3,2958.2,0,0,0,14.1
2015,209,Bronx,44907.4,2349.8,3223.3,0,0,0,14.7
2016,209,Bronx,45595.8,2493.8,3632.5,0,0,7.8,14.7
2017,209,Bronx,46478,2483.1,3835.3,0,0,5,34.3
2018,209,Bronx,46128.1,2583.2,3936.9,0,0,8.3,44.1
2019,209,Bronx,44510.9,2586,4103.2,0,0,2.9,47.6
2020,209,Bronx,47836.1,3236.3,5066,0,0,0,14.7
2021,209,Bronx,47695.2,3172.7,4805,0,0,11.5,9.8
2022,209,Bronx,44573.8,2779.8,4309.1,0,0,20.1,9.8
2023,209,Bronx,33775.7,2020.7,3300.8,0,49.9,0,14.7
1991,210,Bronx,25384.7,0,0,0,0,0,0
1992,210,Bronx,29301.5,0,0,0,0,0,0
1993,210,Bronx,25970.8,2562.7,1587.3,0,0,0,0
1994,210,Bronx,26277.2,3909,2504.6,0,0,0,35.1
1995,210,Bronx,27216.3,3810.4,2521.3,0,0,0,24.8
1996,210,Bronx,31483.8,4667.1,3136.6,0,0,0,0
1997,210,Bronx,29475.7,4953.3,3541.9,0,0,294.8,36.6
1998,210,Bronx,28773.7,5365.9,3864.7,0,0,345.7,49.4
1999,210,Bronx,28196.1,5509.9,4020.4,0,0,331.8,49.3
2000,210,Bronx,27812.5,5732,4405.3,0,0,269.6,48.6
2001,210,Bronx,28298.5,5536.3,4503.1,0,0,394.1,46.1
2002,210,Bronx,31952.1,5322.6,2215.9,0,0,0,29.5
2003,210,Bronx,35201.7,4939.5,0,0,0,0,0
2004,210,Bronx,34294.6,5478.3,2555,0,0,348.8,25.2
2005,210,Bronx,33205,5415,3174.7,0,0,241.1,11.2
2006,210,Bronx,32636,5404.7,3166.3,0,0,301.4,28
2007,210,Bronx,32461.4,5279,3254.5,0,0,127,16.8
2008,210,Bronx,32641.9,4904.3,3291.2,0,0,0,16.8
2009,210,Bronx,31759.5,4395.4,3251.9,0,0,0,16.8
2010,210,Bronx,31363.7,4173.6,3160.9,0,0,0,14
2011,210,Bronx,33169.5,4311.9,3259.1,0,0,0,0
2012,210,Bronx,32197.1,3960.4,3046.3,0,0,0,14
2013,210,Bronx,30272.8,3924.9,3268.1,145.8,0,0,16.8
2014,210,Bronx,29650.2,3945.6,3576.3,407.6,0,0,19.6
2015,210,Bronx,29192.5,3936.7,3847.1,471.4,0,0,19.6
2016,210,Bronx,30057.2,4037.8,4063,497.9,0,33.4,22.4
2017,210,Bronx,29882.2,4039.6,4212.3,893.3,0,31.1,22.4
2018,210,Bronx,30094.8,3876.9,4704.3,1328.7,0,15,47.6
2019,210,Bronx,29309.5,3565,4935.9,1120.3,0,0,19.8
2020,210,Bronx,33299.5,3892.8,5800.2,230.3,0,0,14
2021,210,Bronx,33230.4,3970.9,4900.1,0,0,8.6,8.4
2022,210,Bronx,31767.2,3485.9,4150.2,0,86.4,25.9,9.8
2023,210,Bronx,24003.6,2466.5,3053.2,0,248.5,0,19.6
1991,211,Bronx,34810,0,0,0,0,0,0
1992,211,Bronx,40235,0,0,0,0,0,0
1993,211,Bronx,36110.2,2651.2,1769.6,0,0,0,0
1994,211,Bronx,37599.7,3958.5,2818,0,0,0,5
1995,211,Bronx,37270.8,3863.1,2852.3,0,0,0,9
1996,211,Bronx,36375,4176.3,3445.6,0,0,0,0
1997,211,Bronx,33799.1,4461.6,3814.2,0,0,366.3,12.6
1998,211,Bronx,33281.3,4901.6,4191.9,0,0,371.3,29.6
1999,211,Bronx,33700.6,4995.1,4307.7,0,0,387.4,31.4
2000,211,Bronx,34528.8,5192,4602.4,0,0,280,38.7
2001,211,Bronx,34953.9,4981.3,4734.7,0,0,420.2,36.4
2002,211,Bronx,39130.2,4553.6,2271.6,0,0,0,35.2
2003,211,Bronx,41677.4,4066.6,0,0,0,0,0
2004,211,Bronx,39042.6,4677,2867.2,0,0,322.1,12.9
2005,211,Bronx,37984.2,4767.2,3608.7,0,0,230.5,12.9
2006,211,Bronx,37103,4754.4,3451.1,0,0,280.5,12.9
2007,211,Bronx,36841.7,4566,3280.9,0,0,86.8,12.9
2008,211,Bronx,37195.3,4343.3,3286.2,0,0,0,17.2
2009,211,Bronx,36828.1,3965.2,3225.3,0,0,0,12.9
2010,211,Bronx,36335.2,3784.1,2959.5,0,0,0,8.6
2011,211,Bronx,38770.9,3883.9,3016.2,0,0,0,0
2012,211,Bronx,36777,3557.1,2857.7,0,0,0,17.2
2013,211,Bronx,35504.9,3512.3,2943.1,0,0,0,19.2
2014,211,Bronx,35738.1,3514.4,3170.7,0,0,0,25.8
2015,211,Bronx,35976.3,3477.9,3349.8,0,0,0,21.5
2016,211,Bronx,36406.8,3456.1,3625.8,0,0,30.4,17.2
2017,211,Bronx,35949.1,3472.1,3697.5,668.4,0,97.7,21.5
2018,211,Bronx,35799.1,3624.1,3882.7,1227.9,0,30,47.3
2019,211,Bronx,35218.6,3450.8,4071.7,1099.8,0,47.7,52.7
2020,211,Bronx,39269.1,3572.2,5191.5,242.9,0,0,17.2
2021,211,Bronx,39541,3741.1,4432.6,0,0,8.6,12.9
2022,211,Bronx,36394.4,3250.1,4032.4,0,0,25.9,8.6
2023,211,Bronx,27694.6,2380.6,2972.2,0,234.1,0,12.9
1991,212,Bronx,50454.5,0,0,0,0,0,0
1992,212,Bronx,55405.4,0,0,0,0,0,0
1993,212,Bronx,48540.3,2679.9,2786,0,0,0,0
1994,212,Bronx,50974,3902,4196.6,0,0,0,4.7
1995,212,Bronx,49893.7,3743.2,4244,0,0,0,3.7
1996,212,Bronx,50236.3,4174,4926.2,0,0,0,0
1997,212,Bronx,47392.5,4388.9,5292.5,0,0,380,11.6
1998,212,Bronx,45723.7,5336.3,6425.6,0,0,306.8,28.6
1999,212,Bronx,45260.6,5730.8,6950.7,0,0,438.7,25.1
2000,212,Bronx,43723.7,5774.9,6991,0,0,432.7,29.4
2001,212,Bronx,44772.5,5601.5,7244.9,0,0,533.1,35.9
2002,212,Bronx,50634.5,4918.4,3534.8,0,0,0,15.3
2003,212,Bronx,53855.1,4351.8,0,0,0,0,0
2004,212,Bronx,49825.4,5211.4,4434.1,0,0,444.9,8.1
2005,212,Bronx,47023.8,5347.2,5672.8,0,0,312.9,5.4
2006,212,Bronx,47414.6,5361.6,5370.2,0,0,365.1,10.8
2007,212,Bronx,47060.7,5196.5,5185.2,0,0,130.2,10.8
2008,212,Bronx,48806.6,4933.2,5057.5,0,0,0,8.1
2009,212,Bronx,47713.7,4656.5,5121.7,0,0,0,8.1
2010,212,Bronx,46914.1,4445.2,4816.3,0,0,0,8.1
2011,212,Bronx,49273.1,4545.3,4736.8,0,0,0,0
2012,212,Bronx,46864.5,4255.2,4453.8,0,0,0,5.4
2013,212,Bronx,45320.7,4296.5,4846,0,0,0,10.8
2014,212,Bronx,45347,4320.3,5127.7,0,0,0,10.8
2015,212,Bronx,44624,4334.7,5456.2,0,0,0,10.8
2016,212,Bronx,45509.5,4466.2,5923.7,0,0,73.6,8.1
2017,212,Bronx,44824,4470,6075.4,926.7,0,0,13.5
2018,212,Bronx,44289.2,4612.8,6477.5,2598,0,0,29.7
2019,212,Bronx,43998,4361.9,6773.6,2388.1,0,0,8.8
2020,212,Bronx,50127.9,4991.3,7868.5,508.9,0,0,8.4
2021,212,Bronx,51272.9,4717.1,7409.5,0,0,17.8,8.1
2022,212,Bronx,46376.6,4012.6,6667.9,0,0,43.2,5.4
2023,212,Bronx,35435.9,2793.2,5036.9,0,102.9,0,13.5
1991,301,Brooklyn,38570,0,0,0,0,0,0
1992,301,Brooklyn,62153.4,0,0,0,0,0,0
1993,301,Brooklyn,56928.3,1872.9,2327.2,0,0,0,0
1994,301,Brooklyn,55603.6,3147.2,3875,0,0,0,1
1995,301,Brooklyn,56163.8,2870.8,3806.7,0,0,0,7.5
1996,301,Brooklyn,58101.1,2983.2,3550.6,0,0,0,0
1997,301,Brooklyn,56334.7,3094,3580,0,0,0,22
1998,301,Brooklyn,54440.5,4012,4496.8,0,0,0,18
1999,301,Brooklyn,54038.9,4526.1,5273.2,0,0,0,25.3
2000,301,Brooklyn,53756.3,5022.3,5717.5,0,0,0,27.6
2001,301,Brooklyn,55843,5132.5,5899,0,0,2.1,31.6
2002,301,Brooklyn,60942.9,4629.4,2906.8,0,0,0,19.5
2003,301,Brooklyn,64468.6,4429.5,0,0,0,0,0
2004,301,Brooklyn,60686.3,5162.9,3190.7,0,0,0,11.2
2005,301,Brooklyn,57791.9,5303.7,4283.4,0,0,0,14.4
2006,301,Brooklyn,56296.2,5172.6,4088.7,0,0,0,19.2
2007,301,Brooklyn,55468.2,5125.3,4045.4,0,0,0,12.4
2008,301,Brooklyn,53589.4,5290.1,4278.5,0,0,0,22.6
2009,301,Brooklyn,53459.1,5218.4,4461,0,0,0,17.2
2010,301,Brooklyn,52681.4,5244.8,4307.2,0,0,0,21.3
2011,301,Brooklyn,57030.6,5685.3,4286.4,0,0,0,0
2012,301,Brooklyn,56309.2,5638.4,4140.3,0,0,0,35.3
2013,301,Brooklyn,57274.7,5662.6,4323.6,0,0,0,32.3
2014,301,Brooklyn,58919.9,5917,4597.6,0,0,0,38.4
2015,301,Brooklyn,59698.2,6159.8,4929.1,141,0,0,31.2
2016,301,Brooklyn,60954.4,6633,5262.5,187.2,0,0,62.4
2017,301,Brooklyn,61752.1,6865.6,5373.5,500.2,0,0,51.7
2018,301,Brooklyn,62818,7404.2,5561.9,598.8,0,0,52.8
2019,301,Brooklyn,63384.6,7707.5,5752.5,616.3,0,0,42.2
2020,301,Brooklyn,66553.5,9011.3,7048.5,209,0,11.5,44.5
2021,301,Brooklyn,69074.7,9106.7,6422.9,14.1,0,2.9,27.8
2022,301,Brooklyn,67174.2,8368.6,5484.2,270.6,0,3.7,28.4
2023,301,Brooklyn,50450,5924.6,3878.3,224.5,25.4,0,22.6
1991,302,Brooklyn,23835.4,0,0,0,0,0,0
1992,302,Brooklyn,35469.2,0,0,0,0,0,0
1993,302,Brooklyn,31909.1,2562.7,1391.3,0,0,0,0
1994,302,Brooklyn,31797.1,3920.7,2296,0,0,0,21
1995,302,Brooklyn,28392.3,3553.4,2208.5,0,0,0,23.4
1996,302,Brooklyn,29551.8,3665.4,2058.5,0,0,0,6
1997,302,Brooklyn,28155,4026.6,2236.3,0,0,0,29.9
1998,302,Brooklyn,27106.3,4902.8,2824.8,0,0,29.1,33.8
1999,302,Brooklyn,26652.9,5341.7,3043.5,0,0,64.8,35.6
2000,302,Brooklyn,26648.3,5870.2,3205.1,0,0,50.6,41.6
2001,302,Brooklyn,27479.6,5639.3,3232.1,0,0,53.1,37.2
2002,302,Brooklyn,29851.7,5199.9,1623.9,0,0,0,38.9
2003,302,Brooklyn,32085.4,4320.7,0,0,0,0,0
2004,302,Brooklyn,28843.9,4567.1,2045.9,0,0,64,21
2005,302,Brooklyn,27063.1,5697.3,2924.5,0,0,45.3,33.4
2006,302,Brooklyn,26546.3,5338.7,2987,0,0,83,29.4
2007,302,Brooklyn,26593.8,5263.3,3047.7,0,0,22.5,31.1
2008,302,Brooklyn,26038,5579.1,3313.2,0,0,0,39.9
2009,302,Brooklyn,25913.4,5079.8,3395,0,0,0,35.7
2010,302,Brooklyn,25959.5,5155.6,3358.8,0,0,0,33
2011,302,Brooklyn,27845.3,5387.1,3417.1,0,0,0,0
2012,302,Brooklyn,28218.3,4963.6,3309.2,0,0,0,41
2013,302,Brooklyn,28181.3,4756.8,3387.6,0,0,0,49.4
2014,302,Brooklyn,28890.4,5083.7,3610.8,0,126.6,0,42
2015,302,Brooklyn,28737.6,5439.6,3848.4,0,165.4,0,42
2016,302,Brooklyn,28514.5,5654.5,4114.5,0,286.6,23.4,62.9
2017,302,Brooklyn,28736.6,5997.5,4347.9,444.1,271.2,0,63.2
2018,302,Brooklyn,29347.2,6261,4603.3,863.5,352.6,0,71.4
2019,302,Brooklyn,29601.2,6208.1,4708.2,926.4,398.8,0,61.9
2020,302,Brooklyn,30145.2,6199.4,5447.2,308.7,89.5,0,52.5
2021,302,Brooklyn,31150.7,6478.9,5080.8,29.2,56.2,11.7,46.3
2022,302,Brooklyn,31283.5,6261.2,4761.4,598.1,326.1,9.6,40.1
2023,302,Brooklyn,24585.9,4570.4,3564,530.8,290.8,0,41.5
1991,303,Brooklyn,35806.6,0,0,0,0,0,0
1992,303,Brooklyn,56470.5,0,0,0,0,0,0
1993,303,Brooklyn,53813,1243.4,2047.5,0,0,0,0
1994,303,Brooklyn,54852.5,1711.8,2949.8,0,0,0,1.1
1995,303,Brooklyn,53738.6,1683.3,2755.7,0,0,0,1.8
1996,303,Brooklyn,55273.6,1531.9,2368,0,0,0,0
1997,303,Brooklyn,54702.5,1575,2307.6,0,0,0,7.6
1998,303,Brooklyn,52456.6,1989.5,2894.3,0,0,0,12.4
1999,303,Brooklyn,51269.4,2545.7,3693,0,0,0,14.4
2000,303,Brooklyn,52646.9,2875.3,4004.1,0,0,0,16.9
2001,303,Brooklyn,55150.2,2816.6,4196.9,0,0,2.1,20.4
2002,303,Brooklyn,55834.8,2375.8,2001.2,0,0,0,12.7
2003,303,Brooklyn,57931.8,2143.2,0,0,0,0,0
2004,303,Brooklyn,55485.4,2753.7,2225.9,0,0,0,7.4
2005,303,Brooklyn,53077.8,2942.3,2989.1,0,0,0,7.4
2006,303,Brooklyn,52642.5,2891.7,2810.5,0,0,0,7.4
2007,303,Brooklyn,49979.9,2773.9,2650,0,0,0,10.8
2008,303,Brooklyn,48261.4,2835.5,2822.2,0,0,0,11.5
2009,303,Brooklyn,48575.8,2732.5,2872.3,0,0,0,6.3
2010,303,Brooklyn,47469.4,2739.7,2731.1,0,0,0,8.2
2011,303,Brooklyn,50761.4,2845.1,2567.8,0,0,0,0
2012,303,Brooklyn,49006.3,2791.7,2488.4,0,0,0,11.1
2013,303,Brooklyn,48385.4,2932.5,2649.1,0,0,0,11.1
2014,303,Brooklyn,47603.7,3205.2,2812.4,0,0,0,14.8
2015,303,Brooklyn,46844.4,3473.6,3238,0,0,0,14.8
2016,303,Brooklyn,47243.7,3873.5,3693.4,0,0,0,23.5
2017,303,Brooklyn,48422.5,4074.4,4007.4,0,0,0,24.5
2018,303,Brooklyn,49720.2,4418.1,4222.2,0,0,7.8,22.2
2019,303,Brooklyn,48006.5,4447.7,4346.2,0,0,22.3,20.4
2020,303,Brooklyn,51829.6,5399.9,5528.5,0,0,8.3,20.9
2021,303,Brooklyn,53466,5765.5,5061,0,0,12.3,18.5
2022,303,Brooklyn,50956.5,5434.5,4269.4,0,0,0,14.1
2023,303,Brooklyn,38016.3,3919.2,3005.4,7,49.7,0,15.6
1991,304,Brooklyn,26531.9,0,0,0,0,0,0
1992,304,Brooklyn,41041,0,0,0,0,0,0
1993,304,Brooklyn,37136.2,708.6,1331.1,0,0,0,0
1994,304,Brooklyn,37671.5,1200.9,2275,0,0,0,0.7
1995,304,Brooklyn,37034,1172.3,2218.1,0,0,0,2.9
1996,304,Brooklyn,37496.5,1122,2080.2,0,0,0,0
1997,304,Brooklyn,36483.9,1156.3,2218.2,0,0,0,4.1
1998,304,Brooklyn,35374.9,1474.7,2923.3,0,0,0,8.7
1999,304,Brooklyn,35020.4,1794.9,3671.6,0,0,0,9.2
2000,304,Brooklyn,36158.4,2045.3,4060.3,0,0,0,10.4
2001,304,Brooklyn,38393.6,2131.1,4344.2,0,0,2.2,14.8
2002,304,Brooklyn,43028.6,1771.5,2126.2,0,0,0,9.1
2003,304,Brooklyn,46453.3,1606,0,0,0,0,0
2004,304,Brooklyn,44333.5,2179,2416.5,0,0,0,9
2005,304,Brooklyn,42960.5,2275.6,2998.7,0,0,0,9
2006,304,Brooklyn,41795.9,2165.1,2784.3,0,0,0,13.5
2007,304,Brooklyn,41136,2161.1,2635.9,0,0,0,6.4
2008,304,Brooklyn,39467.4,2179.9,2793.6,0,0,0,7.8
2009,304,Brooklyn,39339.1,2140.6,2839.2,0,0,0,5.8
2010,304,Brooklyn,38703,2155.6,2700.4,0,0,0,6.7
2011,304,Brooklyn,40630.2,2263.5,2730.6,0,0,0,0
2012,304,Brooklyn,38891.6,2216.7,2688.5,0,0,0,7.6
2013,304,Brooklyn,38067.4,2290.9,2817.6,0,0,0,9.3
2014,304,Brooklyn,37018.5,2408.5,2962,0,0,0,9
2015,304,Brooklyn,35727,2451.4,3229.5,0,0,0,8.7
2016,304,Brooklyn,35468.5,2667.3,3615.3,0,0,0,22.5
2017,304,Brooklyn,35874.4,2742.3,3938.5,0,0,0,12.2
2018,304,Brooklyn,35856.2,3028.5,4183.3,0,0,0,29.4
2019,304,Brooklyn,36123.2,3264.4,4360.6,0,0,0,11.6
2020,304,Brooklyn,40511.9,3933.2,5337.3,0,0,0,14.5
2021,304,Brooklyn,42192.7,3799,4815.5,0,0,0,11.7
2022,304,Brooklyn,38915,3208.2,4448.8,0,0,0,6.4
2023,304,Brooklyn,29515.5,2204.4,3260.7,3.4,0,0,7.5
1991,305,Brooklyn,39242,0,0,0,0,0,0
1992,305,Brooklyn,62900.3,0,0,0,0,0,0
1993,305,Brooklyn,56595.5,1264.6,1902.7,0,0,0,0
1994,305,Brooklyn,56985.7,2171.8,3123.6,0,0,0,3.2
1995,305,Brooklyn,56676.1,2091.7,3146.2,0,0,0,3.5
1996,305,Brooklyn,58846.4,1980.9,2939.6,0,0,0,0
1997,305,Brooklyn,56847.8,2014.5,3082.6,0,0,0,7.9
1998,305,Brooklyn,53373.9,2789.1,4613.5,0,0,24.3,13.5
1999,305,Brooklyn,51848.8,3278.1,5448.5,0,0,86.9,20.4
2000,305,Brooklyn,52607.6,3591.2,5923.1,0,0,62.3,21.1
2001,305,Brooklyn,55411.9,3632,6321.8,0,0,114.8,21.9
2002,305,Brooklyn,60890.2,3111.9,3080.4,0,0,0,13.3
2003,305,Brooklyn,63235.4,2895.7,0,0,0,0,0
2004,305,Brooklyn,59127.2,3643.5,3570.6,0,0,97.5,5.3
2005,305,Brooklyn,57322.2,3753.7,4582.7,0,0,58.5,8.6
2006,305,Brooklyn,56142.5,3533.7,4296.5,0,0,115,8.8
2007,305,Brooklyn,54332.3,3441.1,4029,0,0,24,7.5
2008,305,Brooklyn,52400.8,3318.9,4040.2,0,0,0,11
2009,305,Brooklyn,52988.2,3115.1,4060.4,0,0,0,5.9
2010,305,Brooklyn,51352.1,2960.7,3642.3,0,0,0,6.6
2011,305,Brooklyn,54252.2,2991.5,3431.9,0,0,0,0
2012,305,Brooklyn,51620.3,2813,3243.9,0,0,0,7.9
2013,305,Brooklyn,51581.6,2934.9,3381,0,0,0,8.6
2014,305,Brooklyn,52314.5,2962.4,3537.8,0,0,0,17.2
2015,305,Brooklyn,52543.3,2936.8,3799.3,0,0,0,17.2
2016,305,Brooklyn,53719,2997.3,4253.4,6.4,0,13.7,30.1
2017,305,Brooklyn,54588.1,2972.9,4476.5,0,0,12.6,9.4
2018,305,Brooklyn,54844.7,3149,4601.2,0,0,24.5,21.5
2019,305,Brooklyn,54525.2,3053.2,4806.5,0,0,11.5,6.7
2020,305,Brooklyn,60557.3,3692.3,5940.3,0,0,0,4.6
2021,305,Brooklyn,61022.8,3606,5628.4,0,0,3,5.2
2022,305,Brooklyn,55707.4,2959.6,5304,0,0,15,2.1
2023,305,Brooklyn,42592.6,2019.1,3955.6,3.3,59.9,0,5.3
1991,306,Brooklyn,35857.9,0,0,0,0,0,0
1992,306,Brooklyn,38787.4,0,0,0,0,0,0
1993,306,Brooklyn,36928.4,3450.1,1833.2,0,0,0,0
1994,306,Brooklyn,38084.5,4951.6,2775.4,0,0,0,21.3
1995,306,Brooklyn,36545.5,4425.4,2718,0,0,0,12.7
1996,306,Brooklyn,36348.5,6651.6,3575.6,0,0,0,10.7
1997,306,Brooklyn,35263.9,7070.3,3747.4,0,0,0,26.9
1998,306,Brooklyn,34731.1,7916.7,4043.8,0,0,0,39.7
1999,306,Brooklyn,33620.1,8508.7,4229.6,0,0,0,43.8
2000,306,Brooklyn,31848.2,8971.6,4435.3,0,0,46,47.8
2001,306,Brooklyn,31269.1,6748,4667.3,0,0,64.5,40.4
2002,306,Brooklyn,32461.6,189.9,2371.5,0,0,0,46.4
2003,306,Brooklyn,34734.9,683.3,0,0,0,0,0
2004,306,Brooklyn,31388.1,6919.2,2984.1,0,0,81.9,15.3
2005,306,Brooklyn,29830.3,8649.1,4198.7,0,0,58.6,51
2006,306,Brooklyn,29394.7,8503.5,4197.7,0,0,126.1,45.9
2007,306,Brooklyn,28614.4,8487.6,4402.2,0,0,40.6,37.3
2008,306,Brooklyn,27476.8,8039.1,4489,0,0,0,47.8
2009,306,Brooklyn,27116.1,7165.5,4527.3,0,0,0,38.1
2010,306,Brooklyn,26798.8,6914.1,4392.7,0,0,0,36.1
2011,306,Brooklyn,28178.2,7136.8,4340.1,0,0,0,0
2012,306,Brooklyn,27502.4,6685.6,4077.9,0,0,0,42.9
2013,306,Brooklyn,27316.2,6702.8,4210.7,0,0,0,66.2
2014,306,Brooklyn,26641.3,6825.6,4482.8,707.8,85.8,0,56.1
2015,306,Brooklyn,25675.8,6826.6,4741.6,1213.3,287.4,0,66.1
2016,306,Brooklyn,24085.7,6911.7,4931.5,1516.8,390.5,0,76.4
2017,306,Brooklyn,24476,7022.3,4938,1383.1,435.7,0,89
2018,306,Brooklyn,25519.2,7056.5,5013.3,1190.9,435.8,0,61.2
2019,306,Brooklyn,25111.3,6709.9,5007.7,1355.2,428.8,0,65
2020,306,Brooklyn,26310.3,6726.1,5552.1,438.8,120.7,0,70.6
2021,306,Brooklyn,27246.7,6777.6,5094,218.9,58.2,10.6,52.2
2022,306,Brooklyn,25264.8,6233.7,4716.3,1167.9,484.5,11.7,33.4
2023,306,Brooklyn,18926.9,4351.5,3401.6,957.4,419.6,0,42.4
1991,307,Brooklyn,39356,0,0,0,0,0,0
1992,307,Brooklyn,45459.7,0,0,0,0,0,0
1993,307,Brooklyn,39852.4,2031.5,1935.6,0,0,0,0
1994,307,Brooklyn,39375.6,3381,3437.5,0,0,0,14.5
1995,307,Brooklyn,40030.1,3214.6,3528.3,0,0,0,13.6
1996,307,Brooklyn,41499.4,3316,3507.3,0,0,0,7
1997,307,Brooklyn,40639.3,3677.3,3735.9,0,0,0,23.3
1998,307,Brooklyn,38786.1,4603.2,4778,0,0,52,29.8
1999,307,Brooklyn,37770.2,5770.1,5396,0,0,75.9,29.1
2000,307,Brooklyn,37925.7,5861.8,5879.2,0,0,55.4,30.4
2001,307,Brooklyn,38957.1,2920.9,6184,0,0,68.8,22.8
2002,307,Brooklyn,42815.9,106.5,3091.2,0,0,0,23.1
2003,307,Brooklyn,47147.6,92.6,0,0,0,0,2
2004,307,Brooklyn,43691,4824.7,3909.6,0,0,66.6,6
2005,307,Brooklyn,42131.8,6221.5,5187.8,0,0,50.7,15.2
2006,307,Brooklyn,40951.9,6140.4,4721.1,0,0,75.3,11.4
2007,307,Brooklyn,40685.5,6079.6,4412.3,0,0,28.4,22.1
2008,307,Brooklyn,39753.2,5746.2,4200.3,0,0,0,20.5
2009,307,Brooklyn,39875.4,5256.5,4103.2,0,0,0,16.2
2010,307,Brooklyn,39380.6,4977.1,3905.2,0,0,0,18.7
2011,307,Brooklyn,41380,5147.1,3771.6,0,0,0,0
2012,307,Brooklyn,40129.3,4956.3,3691.9,0,0,0,20.1
2013,307,Brooklyn,39917.7,5064.3,3783,150.8,0,0,35.6
2014,307,Brooklyn,39210.3,5071.5,4106.5,972.2,0,0,19
2015,307,Brooklyn,39231.2,5095.5,4417.1,1092,0,0,22.8
2016,307,Brooklyn,39574.4,5067.3,4671.6,1035.4,0,2.5,41.8
2017,307,Brooklyn,39346.9,5096.6,4789.9,1241.1,334.4,0,34.4
2018,307,Brooklyn,38878.8,5115.3,4841.9,1074.7,496.5,0,25
2019,307,Brooklyn,37990.6,4912.7,4746.7,858.4,396.8,0,29.7
2020,307,Brooklyn,40794.1,5229.6,5329.3,224,306.8,0,28.2
2021,307,Brooklyn,41640.4,5011.5,4826.3,30.5,0,4.7,12.1
2022,307,Brooklyn,38402.8,4605.7,4417.3,545.7,252.5,12.1,15.2
2023,307,Brooklyn,28513,3330.4,3318.2,495.8,361.5,0,16
1991,308,Brooklyn,24972.7,0,0,0,0,0,0
1992,308,Brooklyn,40553.3,0,0,0,0,0,0
1993,308,Brooklyn,37089.5,1146,1181.2,0,0,0,0
1994,308,Brooklyn,36624.1,1795.4,1846.4,0,0,0,1.5
1995,308,Brooklyn,35678.7,1606.3,1729.6,0,0,0,7.5
1996,308,Brooklyn,36272.7,1638.1,1586.7,0,0,0,0
1997,308,Brooklyn,35398.4,1787.2,1713.1,0,0,0,12.5
1998,308,Brooklyn,34605.1,2301.8,2360.6,0,0,0,15.1
1999,308,Brooklyn,33399.4,2691.1,3102.3,0,0,0,24
2000,308,Brooklyn,33613.2,2998.8,3559.6,0,0,0,17.5
2001,308,Brooklyn,35229.4,2910.3,3705.5,0,0,2.2,18.9
2002,308,Brooklyn,38210.8,2591.7,1773.6,0,0,0,17.4
2003,308,Brooklyn,40260.6,2462.7,0,0,0,0,0
2004,308,Brooklyn,38303.7,2980.5,1980.6,0,0,0,11.6
2005,308,Brooklyn,37431.5,2992.9,2512.4,0,0,0,16.8
2006,308,Brooklyn,36033.4,2870,2414.8,0,0,0,16.8
2007,308,Brooklyn,34174.7,2961.2,2313.7,0,0,0,13.6
2008,308,Brooklyn,32889.5,2999.1,2423.9,0,0,0,14.9
2009,308,Brooklyn,32830.1,2739.2,2448.4,0,0,0,10.1
2010,308,Brooklyn,32518.9,2741.9,2409.5,0,0,0,12.1
2011,308,Brooklyn,34155,2861.7,2422.5,0,0,0,0
2012,308,Brooklyn,32913.8,2742.8,2343.9,0,66.7,0,13.3
2013,308,Brooklyn,32337,2756.6,2416.5,0,211,0,22.4
2014,308,Brooklyn,31986.2,2865.5,2562.9,0,237.7,0,22.5
2015,308,Brooklyn,31655.3,2994.1,2756,0,195.2,0,28
2016,308,Brooklyn,31073.3,3156.9,2958.5,0.5,144.1,7.2,44.8
2017,308,Brooklyn,31084.5,3312.4,3128.2,0,157.3,22.4,28.4
2018,308,Brooklyn,32352.2,3550.7,3247.8,5.9,162.2,32.2,44.8
2019,308,Brooklyn,31673.3,3528,3292.2,0,140.9,40.1,23.8
2020,308,Brooklyn,33235,4041.1,4029.4,0,38.5,13.8,21.5
2021,308,Brooklyn,33373.5,4155.2,3786.9,0,78.2,15,13.8
2022,308,Brooklyn,31077.2,3796.5,3372.8,0,315.4,7.6,13.1
2023,308,Brooklyn,22862.9,2676.2,2375.7,7.8,172.3,0,17.2
1991,309,Brooklyn,23718.6,0,0,0,0,0,0
1992,309,Brooklyn,44107.4,0,0,0,0,0,0
1993,309,Brooklyn,39991.6,1307.9,1294.5,0,0,0,0
1994,309,Brooklyn,39610.6,2104.5,2160.3,0,0,0,2.5
1995,309,Brooklyn,38679.4,1878.8,1960,0,0,0,6.2
1996,309,Brooklyn,39146.4,1880.8,1791,0,0,0,0
1997,309,Brooklyn,38074.6,1975.7,1930.9,0,0,0,9.5
1998,309,Brooklyn,36824,2449.4,2767.8,0,0,35.2,12.9
1999,309,Brooklyn,36725.4,2802.2,3515,0,0,59.2,13.9
2000,309,Brooklyn,37311.1,3064.4,3835.3,0,0,46.6,15.2
2001,309,Brooklyn,38680.1,2930.8,3905.8,0,0,65,14
2002,309,Brooklyn,41507.2,2663.4,1986,0,0,0,10
2003,309,Brooklyn,44451.4,2426.8,0,0,0,0,0
2004,309,Brooklyn,43308.9,2981.8,1884.8,0,0,64.5,4.7
2005,309,Brooklyn,42202.4,3006.4,2374.8,0,0,41.2,9.4
2006,309,Brooklyn,40974.8,2973.7,2107.6,0,0,66.5,14.1
2007,309,Brooklyn,39915.8,2835.8,1843.8,0,0,14.9,7.5
2008,309,Brooklyn,38674.3,2879.5,1976.9,0,0,0,7.2
2009,309,Brooklyn,38043.8,2733.9,2043.2,0,0,0,6.7
2010,309,Brooklyn,37455.3,2632.1,1973.8,0,0,0,4.3
2011,309,Brooklyn,38737.4,2745.7,1870.1,0,0,0,0
2012,309,Brooklyn,37559.8,2658.9,1849.5,0,0,0,6.7
2013,309,Brooklyn,37083.4,2700.1,1940,0,0,0,9.4
2014,309,Brooklyn,36633.7,2792.9,2098.3,0,172.6,0,9.4
2015,309,Brooklyn,35952.2,2807,2246.5,0,252.2,0,9.8
2016,309,Brooklyn,35520.3,2966.7,2437,1.6,112.2,13.1,18.8
2017,309,Brooklyn,36292.4,3065.4,2594.3,5.1,179.6,8.4,12
2018,309,Brooklyn,36126.3,3214.6,2719.6,8.9,161,18.4,12.8
2019,309,Brooklyn,35573,3239.1,2813.4,0,281.2,9.2,8.6
2020,309,Brooklyn,36744.1,3770.9,3413,0,0,0,13.8
2021,309,Brooklyn,37795.2,3744.7,3295.1,0,0,4.4,7
2022,309,Brooklyn,35204.7,3458.5,3009.7,0,0,9.3,6
2023,309,Brooklyn,26689.5,2505.5,2121.6,4.9,0,0,12.9
1991,310,Brooklyn,37259.1,0,0,0,0,0,0
1992,310,Brooklyn,41747.5,0,0,0,0,0,0
1993,310,Brooklyn,38875.8,4200.4,2189.6,0,0,0,0
1994,310,Brooklyn,40452.4,6481.9,3616.8,0,0,0,34.7
1995,310,Brooklyn,39823.5,5701.3,3580.2,0,0,0,29.3
1996,310,Brooklyn,41658.5,6149.7,3420.8,0,0,0,11.2
1997,310,Brooklyn,40167.5,6603.1,3599.5,0,0,0,30
1998,310,Brooklyn,38351.5,8353.3,5058.8,0,0,164.2,63.7
1999,310,Brooklyn,37712.4,8851,5388.5,0,0,239.4,54.6
2000,310,Brooklyn,37867.9,9109.2,5685.6,0,0,168.1,65
2001,310,Brooklyn,39253.1,6173.7,6017.1,0,0,269.8,73.1
2002,310,Brooklyn,42434.3,7349.9,3028,0,0,0,59.7
2003,310,Brooklyn,46480.4,5815.5,0,0,0,1.5,0
2004,310,Brooklyn,43360.6,6630.2,3575.7,0,0,260,18
2005,310,Brooklyn,41695.2,8521.2,4755,0,0,161.2,60
2006,310,Brooklyn,41479.4,8262.6,4686.8,0,0,270.8,42
2007,310,Brooklyn,41017.6,8312.4,4537.8,0,0,73.2,51.8
2008,310,Brooklyn,40430.9,7810.6,4436.4,0,0,0,48.7
2009,310,Brooklyn,40037.5,7111.6,4307.4,0,0,0,41.7
2010,310,Brooklyn,39181.4,6696.7,4116.8,0,0,0,23.1
2011,310,Brooklyn,41061.2,6830.8,3923.2,0,0,0,0
2012,310,Brooklyn,40043.9,6510.6,3838.8,0,0,0,26.5
2013,310,Brooklyn,39678.6,6534.9,4026.1,0,0,0,45.2
2014,310,Brooklyn,38949.4,6472.7,4319.2,766.2,0,0,48
2015,310,Brooklyn,38544.6,6472,4632.9,1168.1,267,0,54
2016,310,Brooklyn,37989.5,6364.1,5082.9,1482.1,401.7,3.3,60
2017,310,Brooklyn,36873.5,6301.7,5207.4,1583,0,0,65.5
2018,310,Brooklyn,37847.7,6192.1,5320.7,1130.4,393.8,0,48
2019,310,Brooklyn,38143,5850.8,5304.2,985.8,572.9,0,39.6
2020,310,Brooklyn,42303.9,6152.9,6240.7,246.1,0,14.5,38
2021,310,Brooklyn,42744.1,5831.9,5606.1,0,0,5.3,22.4
2022,310,Brooklyn,40806.4,5253.7,5269.9,0,346.4,14.6,25.9
2023,310,Brooklyn,31475.6,3807,3912.9,23,491.4,0,14.3
1991,311,Brooklyn,58230.8,0,0,0,0,0,0
1992,311,Brooklyn,69633.8,0,0,0,0,0,0
1993,311,Brooklyn,68933,4067.6,2530.9,0,0,0,0
1994,311,Brooklyn,64266.7,6992.1,4440.4,0,0,0,30.9
1995,311,Brooklyn,56565.7,6428.8,4442.2,0,0,0,26.1
1996,311,Brooklyn,58871.7,6902.8,4351.2,0,0,0,13.4
1997,311,Brooklyn,57045.5,7424.7,4531.5,0,0,0,31.9
1998,311,Brooklyn,54993,9111.7,5763.6,0,0,89.2,44.8
1999,311,Brooklyn,53543,9904.4,6685.6,0,0,182.7,40.5
2000,311,Brooklyn,54106.3,10212.3,7180,0,0,102.7,53.2
2001,311,Brooklyn,54819.2,9837.8,7429.8,0,0,216,46.6
2002,311,Brooklyn,59602,8853.8,3796.3,0,0,0,38.9
2003,311,Brooklyn,65779.3,6872.9,0,0,0,0,0
2004,311,Brooklyn,62396.7,8127,4544.5,0,0,145.2,9.6
2005,311,Brooklyn,60379.7,9925.8,5949.6,0,0,89.8,16
2006,311,Brooklyn,59349.4,9728.8,5779.2,0,0,144.9,20
2007,311,Brooklyn,58301.5,9755.4,5578.8,0,0,60.7,30.6
2008,311,Brooklyn,57610.1,9232.9,5226.8,0,0,0,31.8
2009,311,Brooklyn,57768,8619.6,5055.1,0,0,0,13.8
2010,311,Brooklyn,56422.8,8107.7,4897.2,0,0,0,18
2011,311,Brooklyn,58205.3,8217.1,4680,0,0,0,0
2012,311,Brooklyn,57358.8,7771.3,4464.6,0,0,0,13.4
2013,311,Brooklyn,57134.1,7887.7,4735.8,0,0,0,15.8
2014,311,Brooklyn,57705.2,7749,5129.8,0,0,0,9.6
2015,311,Brooklyn,58371.8,7628.2,5451.4,0,0,0,16
2016,311,Brooklyn,58828.6,7446.5,5955.6,0,305.4,97.3,16
2017,311,Brooklyn,58485.8,7372.8,6096.5,998,435.3,11.4,33.4
2018,311,Brooklyn,59460.1,7412.1,6156.7,1025.2,2,80,25.6
2019,311,Brooklyn,58247.3,7032.2,6198.1,657.7,0,4.8,20.7
2020,311,Brooklyn,62518.9,7427.3,7343,163.3,0,42.2,20.9
2021,311,Brooklyn,63806,6965.2,6580.2,0,139.9,47.2,16.2
2022,311,Brooklyn,61301.8,6477.8,6073,0,598.7,78.8,11.8
2023,311,Brooklyn,46902.8,4756.4,4621.4,6,109.1,0,12.4
1991,312,Brooklyn,61506.3,0,0,0,0,0,0
1992,312,Brooklyn,73165.5,0,0,0,0,0,0
1993,312,Brooklyn,69789.4,3658.1,2721,0,0,0,0
1994,312,Brooklyn,67124.2,6260,4906.9,0,0,0,0
1995,312,Brooklyn,62083.3,5692.9,4748,0,0,0,1.7
1996,312,Brooklyn,63814,6081,4576.6,0,0,0,2.2
1997,312,Brooklyn,63017.8,6301.8,4734.2,0,0,0,12.9
1998,312,Brooklyn,61493.1,7854.5,5812.4,0,0,191.7,12.7
1999,312,Brooklyn,60966.2,8483.3,6598.6,0,0,273,11.9
2000,312,Brooklyn,62321.5,8975.3,7084.9,0,0,189.4,13.6
2001,312,Brooklyn,64238.2,8928.6,7274,0,0,255.6,10.5
2002,312,Brooklyn,69986.9,8107.7,3760.5,0,0,0,8.6
2003,312,Brooklyn,76362.2,6157.1,0,0,0,0,0
2004,312,Brooklyn,72153.7,6640.6,3925.5,0,0,185,2.9
2005,312,Brooklyn,70739.6,8665.6,5183.6,0,0,124.7,5.8
2006,312,Brooklyn,70188.4,8520,5000.9,0,0,238.3,2.3
2007,312,Brooklyn,69827.9,8591.4,4736.3,0,0,47.9,5.5
2008,312,Brooklyn,68819.2,8341.4,4489.8,0,0,0,5.1
2009,312,Brooklyn,68338.3,7977.3,4323.7,0,0,0,2.9
2010,312,Brooklyn,67045.7,7559.9,4269.2,0,0,0,4.5
2011,312,Brooklyn,70431.6,7960.1,4068.3,0,0,0,0
2012,312,Brooklyn,69534.1,7807.4,3926.8,0,0,0,2.7
2013,312,Brooklyn,69885.7,7954.1,3982.6,0,0,0,6.5
2014,312,Brooklyn,71385.1,8153.4,4334.4,0,144.2,0,8.7
2015,312,Brooklyn,72577.7,8284.5,4511.9,0,280,0,5.8
2016,312,Brooklyn,73205.5,8148,4863.7,11.7,0,17.9,5.8
2017,312,Brooklyn,72763.8,7880.1,5093.4,493,0,0,12.6
2018,312,Brooklyn,72791.6,7915.5,5171.6,747.9,0,0,17.4
2019,312,Brooklyn,71065.5,7595.3,5090.7,683,328.5,0,11.2
2020,312,Brooklyn,75791.3,8693.9,5188.6,151.9,250.5,0,7.3
2021,312,Brooklyn,78600.2,8290.6,4673.7,0,136.7,13.6,4.7
2022,312,Brooklyn,77208.3,8237.5,4349.2,0,510.9,32.1,3.6
2023,312,Brooklyn,58699.4,6014.2,3083.7,6.5,76.3,0,4.8
1991,313,Brooklyn,16264,0,0,0,0,0,0
1992,313,Brooklyn,31466.7,0,0,0,0,0,0
1993,313,Brooklyn,31951,1020.2,756.9,0,0,0,0
1994,313,Brooklyn,30754,1528.7,1220.8,0,0,0,4.3
1995,313,Brooklyn,28363.8,1387.2,1252.8,0,0,0,7.3
1996,313,Brooklyn,28667.9,1501.4,1222.9,0,0,0,2.9
1997,313,Brooklyn,27867.5,1632.7,1325.9,0,0,0,6.5
1998,313,Brooklyn,27400.2,2028.4,1771.9,0,0,0,7.2
1999,313,Brooklyn,26620.9,2287.3,2181.8,0,0,0,4.6
2000,313,Brooklyn,26330.4,2475.3,2409.8,0,0,1.2,8.2
2001,313,Brooklyn,26847.3,1619.3,2615,0,0,0,9.1
2002,313,Brooklyn,28252.3,910.1,1388,0,0,0,5.5
2003,313,Brooklyn,30587.3,1718.3,0,0,0,0,0
2004,313,Brooklyn,29295.7,2099.3,1759.4,0,0,0,1.7
2005,313,Brooklyn,28221.1,2467.4,2206.4,0,0,0,1.7
2006,313,Brooklyn,27537.7,2361.6,2090.4,0,0,36,3.4
2007,313,Brooklyn,25776.2,2333.4,1981.7,0,0,15,7
2008,313,Brooklyn,25508.5,2316.2,1976.7,0,0,0,5.1
2009,313,Brooklyn,25583.5,2124.4,2028.5,0,0,0,3.9
2010,313,Brooklyn,25088.4,2068.4,1969.3,0,0,0,4.2
2011,313,Brooklyn,26356.1,2129.9,1885.8,0,0,0,7.2
2012,313,Brooklyn,27661.9,1896.1,1714.9,0,0,0,5.1
2013,313,Brooklyn,26774.9,2021.6,1755.4,0,0,0,1.8
2014,313,Brooklyn,25515.2,1999.3,1825.1,0,0,0,1.7
2015,313,Brooklyn,25021.6,2070.8,1994.3,0,0,0,6
2016,313,Brooklyn,24407.4,2160.1,2323.7,0,0,2.4,3.4
2017,313,Brooklyn,24193.1,2263.8,2483.6,231.3,0,0,16.7
2018,313,Brooklyn,24899.9,2273.9,2588.3,322.8,0,0,8.5
2019,313,Brooklyn,23929.1,2191.8,2657.5,313.4,0,0,6.2
2020,313,Brooklyn,25853.7,2326.4,2981,75.4,0,0,4.8
2021,313,Brooklyn,26088,2374.9,2896.4,0,0,6,3.7
2022,313,Brooklyn,24215,2185.7,2730.1,0,0,25.6,3.3
2023,313,Brooklyn,18537.1,1590.2,2036.6,1.7,0,0,3.6
1991,314,Brooklyn,35266.9,0,0,0,0,0,0
1992,314,Brooklyn,66491.9,0,0,0,0,0,0
1993,314,Brooklyn,59806.7,2787.6,1939.3,0,0,0,0
1994,314,Brooklyn,59925.9,4710.2,3296.1,0,0,0,7.3
1995,314,Brooklyn,58181.1,4277.7,3171.9,0,0,0,11.6
1996,314,Brooklyn,60468.7,4431,3031.5,0,0,0,0
1997,314,Brooklyn,58619.9,4611,3111.7,0,0,0,16
1998,314,Brooklyn,56406.9,5653.9,4376.5,0,0,348.7,14
1999,314,Brooklyn,56251.4,6324.8,5481.2,0,0,437.1,18.4
2000,314,Brooklyn,56752.6,6789.5,6030.6,0,0,395.8,15.8
2001,314,Brooklyn,60037.4,6665.8,6430.4,0,0,458.8,20.1
2002,314,Brooklyn,65183.7,5679.6,3254.2,0,0,0,18.3
2003,314,Brooklyn,70863.2,5503.5,0,0,0,0,0
2004,314,Brooklyn,68817.7,6250.5,3429.3,0,0,441,4.7
2005,314,Brooklyn,67106.1,6285.2,4329.2,0,0,294.3,9.4
2006,314,Brooklyn,63934.8,6068.6,4075.4,0,0,398.9,9.4
2007,314,Brooklyn,61065.5,6413.7,3981,0,0,73.2,7.4
2008,314,Brooklyn,58879.2,6255.9,3877.8,0,0,0,9.7
2009,314,Brooklyn,58484.3,5743.4,3683,0,0,0,4
2010,314,Brooklyn,56939.8,5497.3,3631.6,0,0,0,5.6
2011,314,Brooklyn,59634.5,5631.6,3553.8,0,0,0,0
2012,314,Brooklyn,58193.3,5442.9,3462.6,0,0,0,4.7
2013,314,Brooklyn,57476.6,5394,3366.2,0,0,0,10.5
2014,314,Brooklyn,57875.4,5444,3645.7,0,219.9,0,9.4
2015,314,Brooklyn,57363.5,5471.1,3803.8,0,125.3,0,18.8
2016,314,Brooklyn,56993.1,5583.3,4146.1,0,196.6,37.4,18.8
2017,314,Brooklyn,57408.2,5644.1,4239.2,0,131.5,63.8,19.7
2018,314,Brooklyn,57469,5895,4436.7,0,166.3,145.7,37.6
2019,314,Brooklyn,55786.9,5720,4595.5,0,264.1,101,13.8
2020,314,Brooklyn,59121.7,5962.9,5608.5,0,183.9,0,10.8
2021,314,Brooklyn,59535.4,5849.2,5223.8,0,0,20,7.7
2022,314,Brooklyn,56377.9,5258,4890.4,0,0,94.6,9.1
2023,314,Brooklyn,42716.3,3886.1,3681.6,10.9,95,0,9.1
1991,315,Brooklyn,40637.9,0,0,0,0,0,0
1992,315,Brooklyn,79225.9,0,0,0,0,0,0
1993,315,Brooklyn,79435.1,4503.6,2096.7,0,0,0,0
1994,315,Brooklyn,69892.3,7567.9,3721.6,0,0,0,18.6
1995,315,Brooklyn,57962.5,6570.9,3728.4,0,0,0,21
1996,315,Brooklyn,59935.8,7225.9,3590.5,0,0,0,1.3
1997,315,Brooklyn,57744.9,7730.6,3867.4,0,0,0,23
1998,315,Brooklyn,54304.1,9323.3,5219.8,0,0,392.1,26.8
1999,315,Brooklyn,52695.4,10231.4,6097.3,0,0,542.1,30.5
2000,315,Brooklyn,52912.4,10691.9,6562.4,0,0,362.9,24.3
2001,315,Brooklyn,54580.3,9864.2,6886.7,0,0,556.2,29.7
2002,315,Brooklyn,58706.6,9040.3,3562.1,0,0,0,16.6
2003,315,Brooklyn,62736.9,9024.2,0,0,0,0,0
2004,315,Brooklyn,58370,10122.7,4239.4,0,0,406.2,4.2
2005,315,Brooklyn,55175.1,9993.8,5496.4,0,0,321.8,16.8
2006,315,Brooklyn,54309.9,9492.7,5115.5,0,0,374,16.8
2007,315,Brooklyn,53708.2,9538,5018.2,0,0,126.6,10.3
2008,315,Brooklyn,53075.4,9051.9,4942.2,0,0,0,11.1
2009,315,Brooklyn,52977.6,8285.1,4930,0,0,0,4.7
2010,315,Brooklyn,51906,7775.1,4654.4,0,0,0,2.9
2011,315,Brooklyn,54034.7,7961.9,4649.2,0,0,0,0
2012,315,Brooklyn,56589.4,7420.2,4402.4,0,0,0,3.3
2013,315,Brooklyn,54856.6,7301.5,4475.4,0,0,0,8.4
2014,315,Brooklyn,52879.9,7220.9,4747.1,0,0,0,16.8
2015,315,Brooklyn,52783.4,7120.2,5021.9,0,0,0,29.4
2016,315,Brooklyn,53371.3,7080,5405.1,0,0,28.9,42
2017,315,Brooklyn,52725.5,7085.1,5559.6,1038.3,0,0,22.3
2018,315,Brooklyn,52853.1,7178.6,5810.1,1181.8,0,0,33.6
2019,315,Brooklyn,52713,6802,5792.6,950.4,0,8.7,11
2020,315,Brooklyn,56466.8,6994,6691.2,204.5,0,0,7.5
2021,315,Brooklyn,56848.4,6605.9,6167.6,0,11.3,17,6.4
2022,315,Brooklyn,53814.9,6171.7,5779.7,0,378.2,73,5.9
2023,315,Brooklyn,40520.5,4467.3,4351.7,18.2,539.2,0,4.1
1991,316,Brooklyn,15918.2,0,0,0,0,0,0
1992,316,Brooklyn,29040.7,0,0,0,0,0,0
1993,316,Brooklyn,27465.2,427.6,649.6,0,0,0,0
1994,316,Brooklyn,27334.9,808,1046.7,0,0,0,2
1995,316,Brooklyn,26680.4,684.6,1014.3,0,0,0,0.8
1996,316,Brooklyn,27438,666.3,863.9,0,0,0,0.5
1997,316,Brooklyn,26600.6,731.9,933.9,0,0,0,2.3
1998,316,Brooklyn,26662.1,883,1161,0,0,16.9,4.1
1999,316,Brooklyn,26701.8,1066.4,1484,0,0,27.5,6.1
2000,316,Brooklyn,26871,1194.7,1654.3,0,0,15.1,6
2001,316,Brooklyn,27942,1218.2,1801.9,0,0,40.1,6.5
2002,316,Brooklyn,29707.8,1037.4,905.5,0,0,0,5
2003,316,Brooklyn,30705.5,1007.5,0,0,0,0,0
2004,316,Brooklyn,29054.3,1155.6,966,0,0,37.4,2.5
2005,316,Brooklyn,27646.3,1238.9,1240.7,0,0,36.6,2.7
2006,316,Brooklyn,26720.3,1185.3,1198.1,0,0,43.9,2.5
2007,316,Brooklyn,25996.7,1187.3,1185.5,0,0,9.2,5.2
2008,316,Brooklyn,24259.6,1187.7,1290.5,0,0,0,3.7
2009,316,Brooklyn,23918.5,1186.3,1376.5,0,0,0,2.9
2010,316,Brooklyn,22994.9,1171.3,1279.2,0,0,0,1.7
2011,316,Brooklyn,24036.9,1241.5,1243.7,0,0,0,0
2012,316,Brooklyn,23211.3,1157.4,1203.4,0,0,0,1.4
2013,316,Brooklyn,22698.7,1156.9,1241.1,0,0,0,2.5
2014,316,Brooklyn,23223.8,1209.1,1334.3,0,0,0,2.5
2015,316,Brooklyn,23215.1,1186.7,1429.8,0,0,0,5
2016,316,Brooklyn,23921.1,1283.3,1598.2,0,0,7.4,7.5
2017,316,Brooklyn,24799.7,1318.4,1729.1,234.3,0,0,4.1
2018,316,Brooklyn,25749.1,1361.1,1814.4,352,0,0,10
2019,316,Brooklyn,25109.7,1283.6,1899.9,339,0,0,3.5
2020,316,Brooklyn,28083.2,1531.3,2427.5,85.1,0,9.2,3.8
2021,316,Brooklyn,29388.3,1469.2,2253.5,0,0,1.1,0.5
2022,316,Brooklyn,27014.2,1256.2,1945.6,0,0,4.3,6.7
2023,316,Brooklyn,20634.6,858.4,1424.1,3.2,37.7,0,3.4
1991,317,Brooklyn,39704.3,0,0,0,0,0,0
1992,317,Brooklyn,72680.3,0,0,0,0,0,0
1993,317,Brooklyn,66475.9,2176.3,2053.5,0,0,0,0
1994,317,Brooklyn,64380.1,3478.8,3409.9,0,0,0,6.5
1995,317,Brooklyn,59895.4,3057,3256.3,0,0,0,4.8
1996,317,Brooklyn,61374,3023.2,2996.9,0,0,0,0
1997,317,Brooklyn,59210.1,3131.5,3168.4,0,0,0,10.3
1998,317,Brooklyn,56357.7,3778.5,4189.4,0,0,92.2,15.9
1999,317,Brooklyn,54920.2,4391.9,5348.1,0,0,201.4,18.9
2000,317,Brooklyn,54862.9,4678.7,5942.2,0,0,165.4,17.9
2001,317,Brooklyn,57201.9,4828.9,6435.4,0,0,233.3,12.6
2002,317,Brooklyn,62295.3,3902.2,3068.3,0,0,0,8.6
2003,317,Brooklyn,66799.6,3681.8,0,0,0,0,0
2004,317,Brooklyn,62837.1,4588,3580.6,0,0,187.4,0
2005,317,Brooklyn,60217.7,4762.2,4591.3,0,0,115.7,2.8
2006,317,Brooklyn,58083.9,4583,4294.5,0,0,198,5.8
2007,317,Brooklyn,55688.9,4583.3,4224.9,0,0,42.9,5.7
2008,317,Brooklyn,53214.1,4348.8,4308,0,0,0,8.9
2009,317,Brooklyn,53240.8,4054.9,4355.4,0,0,0,3
2010,317,Brooklyn,51692.7,3837.3,4079,0,0,0,4.4
2011,317,Brooklyn,53747.8,3982.4,3983,0,0,0,0
2012,317,Brooklyn,51370.6,3793,3887.1,0,0,0,4.2
2013,317,Brooklyn,51345.2,3812.3,3972.1,0,0,0,8.4
2014,317,Brooklyn,51300.8,3802.1,4137.6,0,0,0,5.6
2015,317,Brooklyn,51405.3,3747.6,4414.9,0,0,0,8.4
2016,317,Brooklyn,51703.1,3726.5,4748.2,0,0,64.8,16.8
2017,317,Brooklyn,51701.8,3688.1,4910.6,0,0,39.4,10.8
2018,317,Brooklyn,52692.8,3800.6,5101.4,0,0,93.5,19.6
2019,317,Brooklyn,52028.6,3653.7,5227.2,0,0,39.9,8
2020,317,Brooklyn,56092.9,4123,6104.1,0,0,0,7.1
2021,317,Brooklyn,57045.8,4070.2,5786.6,0,0,13.8,6
2022,317,Brooklyn,51546.9,3633.8,5061,0,0,38.6,4.1
2023,317,Brooklyn,39282.1,2657.7,3826.3,8,0,0,4.3
1991,318,Brooklyn,12630,0,0,0,0,0,0
1992,318,Brooklyn,69561.4,0,0,0,0,0,0
1993,318,Brooklyn,70205,5185.1,2677.5,0,0,0,0
1994,318,Brooklyn,68875.8,8739.8,4688.3,0,0,0,39.5
1995,318,Brooklyn,68208.7,7752.3,4730.1,0,0,0,32.8
1996,318,Brooklyn,72056.7,7669.5,4438.7,0,0,0,8.6
1997,318,Brooklyn,69093.8,8045.8,4705,0,0,0,32.8
1998,318,Brooklyn,64778.4,10305.9,6760.9,0,0,453.1,42.2
1999,318,Brooklyn,63803.4,10934.1,7855.5,0,0,786.2,53
2000,318,Brooklyn,63282.4,11099.8,8340.1,0,0,724.7,56.6
2001,318,Brooklyn,65873.5,10421.6,8768.8,0,0,1043,61.2
2002,318,Brooklyn,71925.2,9318.5,4453.9,0,0,0,45.6
2003,318,Brooklyn,78072.1,9089.9,0,0,0,0,0
2004,318,Brooklyn,74484.8,10177.5,5256.3,0,0,685.9,12.6
2005,318,Brooklyn,69850.9,10093.9,6779.6,0,0,575.6,37.8
2006,318,Brooklyn,68153.6,9774.6,6389.7,0,0,732.5,29.4
2007,318,Brooklyn,66948.8,9506.7,6112,0,0,270.2,20.2
2008,318,Brooklyn,64146,8690.8,6044.7,0,0,0,26
2009,318,Brooklyn,64147.4,7951.3,5959.1,0,0,0,12.4
2010,318,Brooklyn,62408.9,7519.4,5699.1,0,0,0,17.6
2011,318,Brooklyn,66500.8,7710.3,5671.5,0,0,0,0
2012,318,Brooklyn,68145.7,7192.3,5428.4,0,0,0,10.8
2013,318,Brooklyn,65608.8,7179.5,5450.3,0,0,0,25.9
2014,318,Brooklyn,64125,7016.8,5706.2,0,0,0,21
2015,318,Brooklyn,63896.2,6989.8,6013.2,0,0,0,29.4
2016,318,Brooklyn,64761.6,7224.8,6549.4,0,0,108.8,21
2017,318,Brooklyn,65058.8,6954.2,6896.9,0,0,152.1,35.6
2018,318,Brooklyn,66402.7,6904.4,7053,0,0,326.6,54.6
2019,318,Brooklyn,65120.9,6594.3,7173.1,0,0,172.8,16.8
2020,318,Brooklyn,70316.9,7220,8550.2,0,0,0,13.8
2021,318,Brooklyn,71310,6781.2,7878.7,0,0,72.7,12
2022,318,Brooklyn,64765,6225.7,7314.5,0,0,272,8.7
2023,318,Brooklyn,49532.5,4563.7,5530.7,31.7,0.3,0,8.5
1991,401,Queens,51527.5,0,0,0,0,0,0
1992,401,Queens,70282.4,0,0,0,0,0,0
1993,401,Queens,67957.2,1763.3,1047.5,0,0,0,0
1994,401,Queens,63570.4,5754.9,3743.3,0,0,0,29.7
1995,401,Queens,63056.5,5178.1,3747.3,0,0,0,36.2
1996,401,Queens,65009.3,5339.5,3577.2,0,0,0,6.7
1997,401,Queens,62805,6248.7,4263.8,0,0,0,40.9
1998,401,Queens,57860.9,8808.1,6492.5,0,0,0,40.9
1999,401,Queens,57097.5,9402.1,7032.6,0,0,206.4,43.7
2000,401,Queens,55905.6,9760,7144.8,0,0,147.4,57.3
2001,401,Queens,57657.4,9622.4,7364.5,0,0,176.6,39.8
2002,401,Queens,61991.1,8257.5,3683.4,0,0,0,36.9
2003,401,Queens,64408.6,7768.9,0,0,0,0,0
2004,401,Queens,58897.4,9186.3,4442.9,0,0,197.3,11.7
2005,401,Queens,57187,9240.3,5775.9,0,0,153.4,31.2
2006,401,Queens,56663.4,8809.5,5727.4,0,0,235.7,19
2007,401,Queens,55084.4,8506.4,5644,0,0,79.6,31.2
2008,401,Queens,53050.8,8132,5553.1,0,0,0,35.1
2009,401,Queens,52505,7260.6,5544.1,0,0,0,19.5
2010,401,Queens,48736.7,6948.3,5163.1,0,0,0,19.5
2011,401,Queens,51120.1,7153.3,5384.2,0,0,0,0
2012,401,Queens,49185.3,6762.3,5106.8,0,0,0,15.6
2013,401,Queens,49041.6,6650.5,5496.7,0,0,0,31.2
2014,401,Queens,49191.7,6887,6049.5,0,0,0,35.1
2015,401,Queens,47902.3,6802.7,6362.5,0,0,0,50.7
2016,401,Queens,46982.3,6992.3,6864.7,0,0,59.6,39
2017,401,Queens,46173,7018.1,6947.8,0,0,38.9,46.8
2018,401,Queens,47050.9,7278.5,7195.4,0,0,80.9,54.6
2019,401,Queens,46572.9,7184.2,7412.3,0,0,49.2,28
2020,401,Queens,50702.4,7931.1,8680.2,0,0,0,42
2021,401,Queens,49946.3,7714.1,7742.8,0,0,29.6,29
2022,401,Queens,47543.5,7082.5,7046.8,301.8,0,0,23.4
2023,401,Queens,36939.6,5263,5328.8,556.2,0,0,35.1
1991,402,Queens,26793.4,0,0,0,0,0,0
1992,402,Queens,35817.1,0,0,0,0,0,0
1993,402,Queens,35054.5,1004.1,569.5,0,0,0,0
1994,402,Queens,32846.3,3287.2,2067.2,0,0,0,15.8
1995,402,Queens,32167.9,2769.2,2164.4,0,0,0,17
1996,402,Queens,32965.3,3219.9,2201.7,0,0,0,0
1997,402,Queens,32443.1,3559.9,2501.8,0,0,0,19.4
1998,402,Queens,30676,4480.8,3422.6,0,0,0,21
1999,402,Queens,30218.5,4933.2,3956.1,0,0,123.6,23.4
2000,402,Queens,29634.8,5270.7,4379.8,0,0,86.8,30.4
2001,402,Queens,30614.3,5346,4630.1,0,0,106.3,29.4
2002,402,Queens,33754.9,4867.6,2346.3,0,0,0,18.3
2003,402,Queens,37392.2,4563.8,0,0,0,0,0
2004,402,Queens,35040.5,5402,2753.4,0,0,108.7,7.6
2005,402,Queens,33607.5,5308.4,3472.4,0,0,77.3,11.4
2006,402,Queens,33290.5,4965,3172.1,0,0,112.2,11.6
2007,402,Queens,33335.2,4882.4,3078.4,0,0,51,19
2008,402,Queens,32542.6,4693.3,3174.3,0,0,0,22.8
2009,402,Queens,32472.7,4437.1,3391.3,0,0,0,11.4
2010,402,Queens,32001.3,4352.7,3133.6,0,0,0,19
2011,402,Queens,33491.1,4539.3,3201.3,0,0,0,0
2012,402,Queens,32838.7,4425,3178.6,0,0,0,22.8
2013,402,Queens,32943.1,4434,3274.4,0,0,0,38
2014,402,Queens,33893,4719.7,3558.2,0,0,0,34.2
2015,402,Queens,34207.4,4809.8,3830.7,0,0,0,30.4
2016,402,Queens,34754.4,5021,4158,0,0,21,38
2017,402,Queens,34973.6,4963.9,4428.9,176.4,0,0,45.6
2018,402,Queens,35666,5182.1,4605.3,918.2,0,0,38
2019,402,Queens,34984.5,5052,4628.5,929.1,425.5,0,12.8
2020,402,Queens,38128.2,5425.2,5525.3,293.9,155.9,0,22.8
2021,402,Queens,38860.6,5563.4,5062.3,0,147.1,33.3,21.3
2022,402,Queens,37361.2,5241.9,4938.7,124,1664.1,0,15.2
2023,402,Queens,27818.1,3834.4,3752.6,217.4,1417.4,0,22.8
1991,403,Queens,43596.3,0,0,0,0,0,0
1992,403,Queens,57680.2,0,0,0,0,0,0
1993,403,Queens,55609,1225.4,845.7,0,0,0,0
1994,403,Queens,52859.4,3877.3,2995.6,0,0,0,13.1
1995,403,Queens,53283.3,3268.8,3115.7,0,0,0,16.8
1996,403,Queens,55841.3,3758.6,3222.2,0,0,0,5.5
1997,403,Queens,55595.1,4061.3,3605.4,0,0,0,20.1
1998,403,Queens,53113.6,5012.6,4934.3,0,0,0,26.9
1999,403,Queens,53505.8,5518.6,5737.3,0,0,233.4,30.5
2000,403,Queens,53465.4,6028,6663.7,0,0,139,35
2001,403,Queens,55052.9,6060.1,6944.5,0,0,163.2,27.9
2002,403,Queens,60501.7,5201,3488.4,0,0,0,23.6
2003,403,Queens,66733.4,4853,0,0,0,0,0
2004,403,Queens,64156.8,5601.4,3878,0,0,181.5,13.2
2005,403,Queens,62675.1,5726.5,5018.5,0,0,154.9,36.6
2006,403,Queens,60923,5389.7,4483.6,0,0,209.5,4.5
2007,403,Queens,58506.6,5329.3,4427.8,0,0,65.2,17.6
2008,403,Queens,56361.6,5078.3,4537.2,0,0,0,22
2009,403,Queens,57123.6,4759.5,4620.1,0,0,0,13.2
2010,403,Queens,55768.9,4570.9,4311.7,0,0,0,13.2
2011,403,Queens,58550.4,4752.4,4371.8,0,0,0,0
2012,403,Queens,56707.3,4512.8,4183.2,0,0,0,22
2013,403,Queens,55964.2,4492.3,4258.1,0,0,0,22
2014,403,Queens,56719.6,4527.3,4385.2,0,0,0,30.8
2015,403,Queens,57016.1,4482.7,4787,0,0,0,26.4
2016,403,Queens,57855,4687.3,5215.7,0,0,30.9,35.2
2017,403,Queens,57658,4502.3,5539.8,0,0,28.2,22
2018,403,Queens,58404,4579,5536.9,0,0,28.5,39.6
2019,403,Queens,58108.6,4370.1,5592.8,0,0,18.9,30
2020,403,Queens,62589.4,4909.1,7092.6,0,0,0,29.5
2021,403,Queens,62215.9,4764.6,6238.5,0,0,5.4,19.3
2022,403,Queens,56294.3,4305.6,5879,139.7,0,0,22
2023,403,Queens,43167.6,3131.9,4510.7,215.9,0,0,22
1991,404,Queens,37947,0,0,0,0,0,0
1992,404,Queens,52081.8,0,0,0,0,0,0
1993,404,Queens,50727.8,948.8,681,0,0,0,0
1994,404,Queens,48520.4,3244.6,2425.4,0,0,0,14
1995,404,Queens,48400.3,2783.9,2616.6,0,0,0,11.7
1996,404,Queens,50031.2,3276.7,2624.1,0,0,0,1.7
1997,404,Queens,49768.1,3584.2,2919,0,0,0,14.8
1998,404,Queens,48078.4,4447.3,4025.9,0,0,0,16.3
1999,404,Queens,48015.6,4867.2,4679.1,0,0,111.5,18.3
2000,404,Queens,48051.8,5293.9,5251.9,0,0,91.3,22.9
2001,404,Queens,49694.5,5385.3,5598,0,0,101.9,17.7
2002,404,Queens,53637.8,4889.1,2743.3,0,0,0,13.7
2003,404,Queens,58035.9,4535.7,0,0,0,0,0
2004,404,Queens,55535.4,5297.1,3089,0,0,101.4,6.6
2005,404,Queens,53596.6,5394.1,4002.6,0,0,69.9,9.9
2006,404,Queens,52968.4,5168.8,3672.2,0,0,89.7,8
2007,404,Queens,52930.7,4899.8,3486.9,0,0,31.4,9.9
2008,404,Queens,52123.6,4583.2,3449.8,0,0,0,13.2
2009,404,Queens,52371.6,4279.9,3583.2,0,0,0,9.9
2010,404,Queens,51291,4185,3295.5,0,0,0,9.9
2011,404,Queens,52846.6,4338.4,3326.9,0,0,0,0
2012,404,Queens,51441.7,4131.1,3181.8,0,0,0,13.2
2013,404,Queens,50083.4,4080.2,3336.7,0,0,0,13.2
2014,404,Queens,50128.9,4148.1,3439.3,0,0,0,19.8
2015,404,Queens,49904.7,4091.6,3800.1,0,0,0,16.5
2016,404,Queens,48706,4107.1,4292.4,0,0,17.5,16.5
2017,404,Queens,47458,4045.3,4635.4,0,0,13.3,16.5
2018,404,Queens,47833.8,4116.9,4746.5,0,0,23,33
2019,404,Queens,47232.3,3922.5,4927,0,0,12.2,5.2
2020,404,Queens,50638.9,4420.2,6555.8,0,0,0,15.2
2021,404,Queens,51212.9,4319.4,7169.6,0,0,5.6,9.8
2022,404,Queens,47871.7,3883.3,6290.2,104.4,0,0,33
2023,404,Queens,36597,2852.9,4331.5,155.5,0,0,6.6
1991,405,Queens,51173.3,0,0,0,0,0,0
1992,405,Queens,69256.2,0,0,0,0,0,0
1993,405,Queens,64344.5,2227.9,1272.4,0,0,0,0
1994,405,Queens,57610.8,7475.6,4685.5,0,0,0,33.1
1995,405,Queens,57395.1,6463,4649,0,0,0,41.7
1996,405,Queens,60350.7,7188.6,4664.1,0,0,0,0
1997,405,Queens,57027.9,8382.9,5253.3,0,0,0,59.6
1998,405,Queens,52327.4,11331.5,7688.4,0,0,0,66.5
1999,405,Queens,52261.6,11695.5,8491.3,0,0,550,61.8
2000,405,Queens,52847.6,12031.9,8873.4,0,0,394.9,84.5
2001,405,Queens,54893.2,11701.1,9346.2,0,0,496.4,55.2
2002,405,Queens,61553,10721.5,4774.4,0,0,0,69.9
2003,405,Queens,67319.5,10265.9,0,0,0,0,0
2004,405,Queens,64709.4,11529.7,5488.5,0,0,404.4,20
2005,405,Queens,61384,11298.2,7235.7,0,0,346.5,39
2006,405,Queens,61082.2,10934.3,6982.4,0,0,438,21
2007,405,Queens,61125.2,10624.1,6866,0,0,210.6,55
2008,405,Queens,59585.8,9818,6876.1,0,0,0,60
2009,405,Queens,59384.7,8931.2,6719.6,0,0,0,40
2010,405,Queens,58495.8,8445.6,6315.3,0,0,0,45
2011,405,Queens,60850.1,8842.9,6420.5,0,0,0,0
2012,405,Queens,59551.3,8074.2,6256.1,0,0,0,30
2013,405,Queens,58483.2,8047.7,6520.2,0,0,0,55
2014,405,Queens,57169.7,7958.5,6962.4,930.6,209.9,0,45
2015,405,Queens,56187.8,7817.7,7589.6,1462.7,965,0,55
2016,405,Queens,55550.2,7954.7,8279.1,1684.9,970,19.3,70
2017,405,Queens,54490.8,7389.1,8598.5,2380.3,692.6,0,75
2018,405,Queens,56488.3,7546.5,8407.6,1774.4,577.5,0,60
2019,405,Queens,55594.9,7352.6,8493,1900.2,612.1,0,28.8
2020,405,Queens,61975.5,7670.5,10517,458.7,165.1,0,72.3
2021,405,Queens,62041,7642.2,8936.6,0,104.7,7.5,36.5
2022,405,Queens,57160.9,7005.5,8041.8,427.5,1128.2,0,40
2023,405,Queens,42175.4,5132.3,6045.1,599.2,927.9,0,30
1991,406,Queens,25232.8,0,0,0,0,0,0
1992,406,Queens,34045.5,0,0,0,0,0,0
1993,406,Queens,34017.8,3544.6,1450.5,0,0,0,0
1994,406,Queens,35322.5,5108.6,2294.1,0,0,0,16.6
1995,406,Queens,35376.1,4007.2,2364.8,0,0,0,14.4
1996,406,Queens,36712.9,5157.5,2318.5,0,0,0,0
1997,406,Queens,36353.4,5861.3,2551.8,0,0,5.4,22.6
1998,406,Queens,34944.9,6831.7,3399.4,0,0,0,24.4
1999,406,Queens,34838.4,7165.8,3738.6,0,0,526.5,27.5
2000,406,Queens,34808,7556.2,4214.2,0,0,316.1,32.4
2001,406,Queens,35094.1,7302.5,4357.5,0,0,422.5,24.1
2002,406,Queens,38165.7,6778.2,2278.7,0,0,0,16.5
2003,406,Queens,40514.1,6382.6,0,0,0,0,0
2004,406,Queens,37979.5,7101.4,2859.4,0,0,454.2,7.9
2005,406,Queens,36805.4,7044.7,3733.2,0,0,405.2,10.2
2006,406,Queens,36191.7,6887.8,3511.5,0,0,556.3,14.5
2007,406,Queens,35695.9,6584.3,3416.5,0,0,158.4,17
2008,406,Queens,34327.7,6044.4,3406,0,0,0,20.4
2009,406,Queens,33618.4,5372.9,3511.3,0,0,0,13.6
2010,406,Queens,33054.3,5144.7,3283.7,0,0,0,13.6
2011,406,Queens,34678.2,5311,3226.3,0,0,0,0
2012,406,Queens,33902,5124.9,3234.6,0,0,0,13.6
2013,406,Queens,33497.5,4973.6,3274.4,0,0,0,17
2014,406,Queens,33384.9,5119.9,3456.5,0,0,0,20.4
2015,406,Queens,32998.9,5174.9,3694.9,0,0,0,20.4
2016,406,Queens,33239.3,5246.4,4027.3,0,0,147.6,27.2
2017,406,Queens,33373.7,5119.8,4157.6,0,0,134.7,20.4
2018,406,Queens,33332.4,5123.6,4241.6,0,0,201.4,31.8
2019,406,Queens,33038.6,4869.6,4255.1,0,61.7,147,35.2
2020,406,Queens,35182.9,5162.2,5074,0,181.8,0,6.4
2021,406,Queens,34583.3,4984.1,4764.4,0,0,94,9.3
2022,406,Queens,32381.2,4496.9,4386.3,333.4,0,0,13.6
2023,406,Queens,24438.2,3213.5,3307.3,331.3,0,0,10.2
1990,407,Queens,12913.8,0,0,0,0,0,0
1991,407,Queens,74291.1,0,0,0,0,0,0
1992,407,Queens,73939.4,0,0,0,0,0,0
1993,407,Queens,71933.5,3403.8,3515.1,0,0,0,0
1994,407,Queens,73503.7,9821.6,5234,0,0,0,30.8
1995,407,Queens,71292.5,8855.1,6195.8,0,0,0,41.9
1996,407,Queens,74171,9439.3,6564,0,0,0,19.5
1997,407,Queens,75566.9,10550.6,7084.7,0,0,0,71.1
1998,407,Queens,73377.9,13492.9,8337.9,0,0,0,74.1
1999,407,Queens,71723.1,14082.8,8633.7,0,0,1471.4,80.2
2000,407,Queens,71590,14238.3,8611.2,0,0,1119.1,86
2001,407,Queens,75635,13580.9,8692.4,0,0,1295.8,66.8
2002,407,Queens,82959,13047.5,4302.9,0,0,0,64.6
2003,407,Queens,90951.4,12413.1,0,0,0,0,0
2004,407,Queens,85513.4,14317.5,5528.7,0,0,1332.8,31.2
2005,407,Queens,82169,14281.6,6936,0,0,1112,72.8
2006,407,Queens,81649.3,14294.8,6675.8,0,0,1462.8,98.8
2007,407,Queens,79047.4,13636.9,6643.5,0,0,346.5,52
2008,407,Queens,78654.5,12603.6,6692.6,0,0,0,67.6
2009,407,Queens,78047.5,11228.2,6709.9,0,0,0,52
2010,407,Queens,75179.7,10611.2,6311.5,0,0,0,46.8
2011,407,Queens,79048.2,10786.2,6363.4,0,0,0,0
2012,407,Queens,77139,10130.6,5777.8,0,0,0,41.6
2013,407,Queens,76810.8,10087.9,6308.3,0,0,0,59.8
2014,407,Queens,77476.9,10011.6,6745.3,0,0,0,101.4
2015,407,Queens,77321.7,9897.3,7203.1,0,0,0,62.4
2016,407,Queens,77379.5,9855.4,7874.9,0,0,386.3,41.6
2017,407,Queens,76500.9,9710.8,8076.4,1025.5,0,0,46.8
2018,407,Queens,75229.4,9870.6,8343.8,2696.6,0,0,57.2
2019,407,Queens,74738.1,9493.6,8527.6,1886.7,0,51.7,51.3
2020,407,Queens,82928.8,9878.5,10340.5,428.4,0,12,82.8
2021,407,Queens,84244.3,9611.4,9577.4,0,0,201.4,31.2
2022,407,Queens,78832.5,8901.8,8962.8,709.3,0,34,36.9
2023,407,Queens,58710.9,6457.5,6746.8,747.1,0,0,40.7
1990,408,Queens,7269.4,0,0,0,0,0,0
1991,408,Queens,42047.5,0,0,0,0,0,0
1992,408,Queens,42462.5,0,0,0,0,0,0
1993,408,Queens,41059.3,3896.3,1874.1,0,0,0,0
1994,408,Queens,42105.5,5746,2796.2,0,0,0,10.9
1995,408,Queens,42342,4543.6,2687.4,0,0,0,8.2
1996,408,Queens,46107.4,5052.7,2611.4,0,0,0,10
1997,408,Queens,45809.5,5728.8,2846.7,0,0,5.2,19.8
1998,408,Queens,44511.2,6715.6,3424.5,0,0,0,34.3
1999,408,Queens,42987.1,7057.1,3755.7,0,0,1169.9,25.8
2000,408,Queens,41353.1,8074.5,4376.6,0,0,953.3,35
2001,408,Queens,44176.6,7778.2,4599.8,0,0,1116.3,26.6
2002,408,Queens,48569.7,6654.3,2390.9,0,0,0,23.1
2003,408,Queens,51890,6666,0,0,0,0,0
2004,408,Queens,48414.5,7554.4,3002.8,0,0,1029.9,9.6
2005,408,Queens,47213.4,7541.5,3904.9,0,0,975.9,14.4
2006,408,Queens,46939.4,7316.2,3786.9,0,0,1086.7,16.2
2007,408,Queens,44237.5,7113,3722.5,0,0,201.2,14.4
2008,408,Queens,42630.6,6682.2,3785.4,0,0,0,14.4
2009,408,Queens,42020.8,6066.9,3838.6,0,0,0,14.4
2010,408,Queens,41442.7,5971.2,3757.2,0,0,0,10.8
2011,408,Queens,44473.9,6136.1,3786.7,0,0,0,0
2012,408,Queens,43623.9,5857.8,3779.5,0,0,0,10.8
2013,408,Queens,42943.5,5788.9,3800.4,0,0,0,21.6
2014,408,Queens,43675.6,5823.5,3932.7,0,0,0,28.8
2015,408,Queens,43434.9,5737.1,4126.7,0,0,0,21.6
2016,408,Queens,43436,5916.8,4519.1,0,0,191.8,18
2017,408,Queens,41973.5,5604.2,4689.5,632.9,0,130.7,18
2018,408,Queens,42724.7,5589,4700.6,1133.8,0,0,18
2019,408,Queens,42669.8,5408.9,4739.5,1004.1,0,27.4,21.6
2020,408,Queens,46644.9,5633.2,5493.4,367.3,0,0,38.4
2021,408,Queens,46929.2,5459.1,4973.6,0,0,104.4,7.2
2022,408,Queens,44086.6,5024.4,4643.4,449.3,0,0,7.2
2023,408,Queens,33191.9,3659.6,3536.1,432.7,0,0,10.8
1991,409,Queens,38059.9,0,0,0,0,0,0
1992,409,Queens,52956.2,0,0,0,0,0,0
1993,409,Queens,50821,1453.8,856.1,0,0,0,0
1994,409,Queens,47558,4803.3,3341.4,0,0,0,18.7
1995,409,Queens,48310.1,4141.6,3558.3,0,0,0,17.4
1996,409,Queens,50217.1,4596.4,3604.7,0,0,0,0.9
1997,409,Queens,49263.6,5277.8,3886.3,0,0,0,36.3
1998,409,Queens,46889,6386.4,5295.4,0,0,0,41
1999,409,Queens,45829.5,6621.8,6295.4,0,0,544.4,42.6
2000,409,Queens,44955.6,7161.7,7297.3,0,0,375.1,41.4
2001,409,Queens,46543.6,7168.1,7469.8,0,0,484.2,32
2002,409,Queens,52230.8,6146.5,3646.6,0,0,0,29.5
2003,409,Queens,56864.1,5965.1,0,0,0,11.2,0
2004,409,Queens,54465.5,6838.7,3860.7,0,0,444.8,12.9
2005,409,Queens,52656.6,6742,4889.6,0,0,370,13.5
2006,409,Queens,52184.9,6528.7,4593.1,0,0,505.3,17
2007,409,Queens,50404.6,6395,4534.9,0,0,154.8,22.5
2008,409,Queens,49175.8,6029,4593.2,0,0,0,22.5
2009,409,Queens,48893.1,5476.1,4587.8,0,0,0,13.5
2010,409,Queens,48086.5,5297.5,4389.1,0,0,0,18
2011,409,Queens,50337.9,5410.3,4459.1,0,0,0,0
2012,409,Queens,48649.5,5182,4374.3,0,0,0,13.5
2013,409,Queens,47864.7,5131.3,4566,0,0,0,22.5
2014,409,Queens,47841.4,5229.8,4871.4,0,0,0,27
2015,409,Queens,47565.4,5228.4,5267.1,0,4.4,0,31.5
2016,409,Queens,47764.1,5398.2,5810.3,0,296.5,144.2,23.4
2017,409,Queens,47673.5,5183.4,6061.6,637.9,316.2,0,36
2018,409,Queens,46398.4,5343.5,6129.8,2502.9,315.7,0,45
2019,409,Queens,45504.1,5288.3,6227,2197.2,336.2,0,15.3
2020,409,Queens,51126.1,5356.8,7943.5,610.1,92.4,0,36
2021,409,Queens,50932.6,5355.9,6964,0,114.5,26.4,22.5
2022,409,Queens,47007.4,5015.6,6180.3,532.7,1090.8,0,27
2023,409,Queens,34913,3721.2,4577.1,824.6,819.2,0,13.5
1990,410,Queens,4896.5,0,0,0,0,0,0
1991,410,Queens,58067.7,0,0,0,0,0,0
1992,410,Queens,58210.4,0,0,0,0,0,0
1993,410,Queens,54784.6,1430.9,878.3,0,0,0,0
1994,410,Queens,50691.4,4488.1,3151,0,0,0,17.7
1995,410,Queens,49615.5,4044.3,3401.2,0,0,0,18
1996,410,Queens,51505.3,4210.4,3384.1,0,0,0,0.4
1997,410,Queens,48965.3,4773.4,3807.4,0,0,0,40.5
1998,410,Queens,45584.4,5966.8,4997.3,0,0,0,45.9
1999,410,Queens,44712.8,6307.8,5704.3,0,0,550.6,41.6
2000,410,Queens,44153.6,6888.5,6473.4,0,0,404.4,46.8
2001,410,Queens,46176,6834.5,6617.6,0,0,571.6,34.7
2002,410,Queens,50876.8,5822,3308.5,0,0,0,33.7
2003,410,Queens,54342,5933.3,0,0,0,0,0
2004,410,Queens,51985,6790.2,4096.2,0,0,472.3,64.8
2005,410,Queens,49643.7,6685.2,5248.3,0,0,377,35.4
2006,410,Queens,48899.7,6505,5041.8,0,0,461.3,35.4
2007,410,Queens,46501.5,6273.2,4800.2,0,0,168.1,41.3
2008,410,Queens,45089.1,5884.1,4736.3,0,0,0,35.4
2009,410,Queens,44462.9,5342.4,4669.1,0,0,0,35.4
2010,410,Queens,43461.3,5051.6,4399.3,0,0,0,29.5
2011,410,Queens,46479.1,5153,4349.7,0,0,0,0
2012,410,Queens,45062.5,4783.5,4210.6,0,0,0,23.6
2013,410,Queens,46396.3,4834.7,4341.3,0,0,0,29.5
2014,410,Queens,45081.5,4771.5,4438,0,0,0,35.4
2015,410,Queens,43723.4,4718.9,4726.6,729.7,0,0,41.3
2016,410,Queens,41119.3,4858.1,5375.2,2053.3,0,0,29.5
2017,410,Queens,41359.4,4590.2,5515.3,1370.7,0,0,41.3
2018,410,Queens,43759.9,4616.8,5707.3,950.7,0,0,35.4
2019,410,Queens,44496.3,4456.1,5884.9,689.9,0,0,12
2020,410,Queens,49614.1,4634.2,7400.7,227.4,0,0,59
2021,410,Queens,49146.8,4461.5,6698.2,0,0,43.5,14.2
2022,410,Queens,45472.5,4079,6206.6,445.3,0,0,11.3
2023,410,Queens,33870.7,2979.9,4668.2,391.9,0,0,17.7
1990,411,Queens,7393.9,0,0,0,0,0,0
1991,411,Queens,41107.6,0,0,0,0,0,0
1992,411,Queens,41213.1,0,0,0,0,0,0
1993,411,Queens,39094.1,4642.5,2000.6,0,0,0,0
1994,411,Queens,40274,6779.4,2940.8,0,0,0,27.7
1995,411,Queens,38913,6448.7,2965.1,0,0,0,34.7
1996,411,Queens,41791,6613,2908,0,0,0,10
1997,411,Queens,42237.6,7339.7,3083.5,0,0,0,56.2
1998,411,Queens,40368.5,8698.3,3974.6,0,0,0,73
1999,411,Queens,38300.8,9064.5,4236,0,0,1574.5,70.4
2000,411,Queens,37151.2,9316.3,4692,0,0,1319.8,65.4
2001,411,Queens,38742.7,8844.8,5017,0,0,1619.4,55.7
2002,411,Queens,42993.5,8649.6,2485.4,0,0,14.8,60.9
2003,411,Queens,46425.8,8388,0,0,0,0,0
2004,411,Queens,42438.6,9324.9,3413.8,0,0,1563.6,30
2005,411,Queens,40717.9,9306.3,4420.7,0,0,1252.4,60
2006,411,Queens,41086.7,9082.2,4395.3,0,0,1503,42
2007,411,Queens,39624.9,8593.1,4410.6,0,0,409.7,60
2008,411,Queens,38820.8,8096,4334.1,0,0,0,60
2009,411,Queens,38191.6,7034.9,4250.7,0,0,0,42
2010,411,Queens,36479.1,6652.7,3898.1,0,0,0,36
2011,411,Queens,38456.2,6675.6,3932.4,0,0,0,0
2012,411,Queens,37420,6278.8,3702.3,0,0,0,36
2013,411,Queens,36277.6,6222.9,3981.4,0,0,0,55.5
2014,411,Queens,36010.5,6216.9,4247.2,0,0,0,52.5
2015,411,Queens,35899.3,6086.6,4567.7,0,0,0,60
2016,411,Queens,35051.9,6106.1,4850.8,339.4,0,411.1,36
2017,411,Queens,31810.2,5973.5,4890.4,2841.7,0,0,51
2018,411,Queens,33468.9,5888.4,5056.4,1953.3,0,24.2,36
2019,411,Queens,33438.8,5515.3,5065.5,1648,284.9,57.7,59.4
2020,411,Queens,38564.6,5777.4,6022.1,492.4,182.4,0,35
2021,411,Queens,38353.2,5568.3,5404.2,0,135.4,165.9,18
2022,411,Queens,35522.6,5131.2,5070.2,724.7,694.7,0,42
2023,411,Queens,26125.3,3686,3777.1,744.8,504.7,0,44.6
1990,412,Queens,8254.1,0,0,0,0,0,0
1991,412,Queens,84448,0,0,0,0,0,0
1992,412,Queens,85262.4,0,0,0,0,0,0
1993,412,Queens,87732.8,3278.1,3517.4,0,0,0,0
1994,412,Queens,90770,4789.3,5178.8,0,0,0,4.3
1995,412,Queens,89938.7,4446.3,5274,0,0,0,10.3
1996,412,Queens,92729,4653,5079.3,0,0,0,2
1997,412,Queens,87813.9,5102.9,5622,0,0,6.2,17
1998,412,Queens,84239.7,6277.1,7221.2,0,0,0,36.5
1999,412,Queens,81879.2,6679.9,8159.3,0,0,993,28.1
2000,412,Queens,80177.8,7568.9,9384.2,0,0,850.8,39.9
2001,412,Queens,84285.4,7746,9973.9,0,0,991.5,25.7
2002,412,Queens,92495.6,6025.4,4960.3,0,0,0,31.7
2003,412,Queens,99796.2,6177.9,0,0,0,0,0
2004,412,Queens,92892.8,7561,5669.9,0,0,972.9,14.8
2005,412,Queens,87295.6,7716.3,7370.7,0,0,841,16.2
2006,412,Queens,85710.8,7281.9,7006.8,0,0,1073.6,10.8
2007,412,Queens,83261.9,6969.3,6856.8,0,0,215.1,13.5
2008,412,Queens,79979.2,6571.1,6807.9,0,0,0,21.6
2009,412,Queens,79745.1,6147.4,6916.1,0,0,0,18.9
2010,412,Queens,77221.7,5919.6,6666.7,0,0,0,10.8
2011,412,Queens,81401.2,5977,6703.1,0,0,0,0
2012,412,Queens,78924.9,5604.1,6683,0,0,0,8.1
2013,412,Queens,78140.4,5644.2,6920.9,0,0,0,22.5
2014,412,Queens,77977,5760.3,7302.8,0,0,0,26.1
2015,412,Queens,78281.5,5821,7950.6,0,0,0,16.2
2016,412,Queens,78432.1,5973.2,8943.6,0,0,351.8,13.5
2017,412,Queens,78741.5,5693.8,9340.4,0,0,363.4,21.6
2018,412,Queens,80418.7,5758.3,9634.9,0,0,614.7,13.5
2019,412,Queens,80296.1,5573.6,10000,0,0,420.8,13.5
2020,412,Queens,87690.3,6334.9,11977.6,0,0,0,13.5
2021,412,Queens,87688.1,6374.6,10993.2,0,0,224.3,8.1
2022,412,Queens,81596.7,5650.6,10435.1,1119.6,0,0,10.1
2023,412,Queens,61704.7,4218.3,8000.5,1582.3,0,0,13.5
1990,413,Queens,5621.2,0,0,0,0,0,0
1991,413,Queens,73945.8,0,0,0,0,0,0
1992,413,Queens,74463.7,0,0,0,0,0,0
1993,413,Queens,76525.6,4759.1,3428.6,0,0,0,0
1994,413,Queens,80415.9,6864.6,5124.1,0,0,0,28.1
1995,413,Queens,78031.9,6371.2,5276.5,0,0,0,31.7
1996,413,Queens,80109.7,6795.5,5112.3,0,0,0,0
1997,413,Queens,76968.7,7463.5,5623.8,0,0,0,31.3
1998,413,Queens,70815.6,9166.3,7551.1,0,0,0,53.4
1999,413,Queens,68486.4,9710,8380.1,0,0,1615.2,47.3
2000,413,Queens,67375.9,10457,9357,0,0,2473.6,67.9
2001,413,Queens,70521.4,10235.6,9840.2,0,0,1378,48.1
2002,413,Queens,77188.6,9395.5,4967.9,0,0,0,54.2
2003,413,Queens,83822,8531.8,1,0,0,0,0
2004,413,Queens,79710.1,10084.7,6090.3,0,0,1316.9,16.7
2005,413,Queens,76202,9862.4,7839.9,0,0,1127.6,35
2006,413,Queens,73526,9393.4,7387.9,0,0,1452.8,35
2007,413,Queens,69271.4,8848.2,7190.5,0,0,353,40
2008,413,Queens,66594.4,8122.3,6966.5,0,0,0,50
2009,413,Queens,66140.7,7379.8,7068.2,0,0,0,40.6
2010,413,Queens,63563.3,6907,6657,0,0,0,25
2011,413,Queens,66045.9,6953.5,6664.9,0,0,0,0
2012,413,Queens,65302.7,6545.7,6622.7,0,0,0,25
2013,413,Queens,63407.3,6368.2,7065.2,0,0,0,37
2014,413,Queens,63395.5,6386.6,7198.5,0,0,0,48
2015,413,Queens,62515,6342.4,7636.9,0,0,0,55
2016,413,Queens,62441.3,6507,8453.4,0,0,173.2,40
2017,413,Queens,63397.1,5930.3,8792.9,0,0,265.1,35
2018,413,Queens,60576.7,5953,9070.5,3502.7,0,0,35
2019,413,Queens,60800.3,5634,9454.3,2941.6,0,28.7,42.9
2020,413,Queens,70151,5851.3,11588.8,675.8,0,0,30
2021,413,Queens,70003.7,5629.6,10779.1,0,0,94.1,20
2022,413,Queens,63875.3,5285.1,9795.7,707.7,0,0,10
2023,413,Queens,48117.8,3790.7,7349.2,985.3,0,0,25
1990,414,Queens,3354.7,0,0,0,0,0,0
1991,414,Queens,33908,0,0,0,0,0,0
1992,414,Queens,34795.7,0,0,0,0,0,0
1993,414,Queens,33357.9,668,422.5,0,0,0,0
1994,414,Queens,31218.9,2237.4,1419,0,0,0,18.9
1995,414,Queens,32517.6,2046.4,1436.9,0,0,0,14.6
1996,414,Queens,35647.5,2206.1,1425.9,0,0,0,11.1
1997,414,Queens,33052.3,2499.3,1757,0,0,0,25.6
1998,414,Queens,30633.6,3143.8,2486.8,0,0,0,32
1999,414,Queens,30096.6,3517.8,2971.7,0,0,178.3,31.3
2000,414,Queens,29633.1,3835.9,3172.1,0,0,117.8,35
2001,414,Queens,31123.2,3718.7,3316,0,0,173.4,29.9
2002,414,Queens,34003.4,3448.5,1694.1,0,0,0,31.5
2003,414,Queens,36565.1,3283.9,0,0,0,0,0
2004,414,Queens,36216.4,3592.8,2006.6,0,0,141.1,13.5
2005,414,Queens,35763.9,3609.4,2544.6,0,0,137.7,13.5
2006,414,Queens,35325.6,3451.9,2397.1,0,0,122.4,22.7
2007,414,Queens,34178.2,3311.9,2337.7,0,0,25.2,31.5
2008,414,Queens,33869.8,3230,2420.9,0,0,0,18
2009,414,Queens,34451.6,3060.7,2465.2,0,0,0,24
2010,414,Queens,35185.2,2920.5,2303.1,0,0,0,18
2011,414,Queens,37689.7,2937.9,2304.3,0,0,0,0
2012,414,Queens,36625.4,2540.6,2127.2,0,0,0,18
2013,414,Queens,40780.2,2741.7,1970.4,0,0,0,13.5
2014,414,Queens,37773.5,2749.9,2145.7,0,0,0,36
2015,414,Queens,37308.1,2805.9,2362.9,0,0,0,27
2016,414,Queens,36253.1,2921.9,2805.3,0,0,13.3,36
2017,414,Queens,35465.9,2829.7,2992.2,206.1,0,0,39.4
2018,414,Queens,36021.6,3052,3118.4,948.3,0,0,27
2019,414,Queens,34598.2,3035.6,3222.8,953.6,0,0,25.3
2020,414,Queens,39643.2,3332,3902.7,257.9,0,0,27
2021,414,Queens,39539.4,3121.3,3381.3,0,0,3.4,27
2022,414,Queens,36600.6,2842.1,3010,277.4,0,0,13.5
2023,414,Queens,28350.9,2100.2,2269.1,468.6,0,0,13.5
1990,501,Staten Island,31110.9,0,0,0,0,0,0
1991,501,Staten Island,55907.5,0,0,0,0,0,0
1992,501,Staten Island,60013.8,0,0,0,0,0,0
1993,501,Staten Island,58013.2,1457.3,688.9,0,0,1342.1,0
1994,501,Staten Island,61849.3,7772.6,3802.8,0,0,1075.5,87.2
1995,501,Staten Island,61327,7573.6,4075.6,0,0,1117.5,93.6
1996,501,Staten Island,62987.6,8766.9,5022.1,0,0,761.7,5.5
1997,501,Staten Island,62258.3,2024.1,5284.2,0,0,1129.1,100.4
1998,501,Staten Island,62329.7,0,6438,0,0,1358.3,98.5
1999,501,Staten Island,62284.5,44.9,6920.6,0,0,1513.8,108.3
2000,501,Staten Island,63398.8,0,7248.2,0,0,1237.1,115
2001,501,Staten Island,64174.2,0,7794.8,0,0,1230.1,84.5
2002,501,Staten Island,72711.5,4.3,3827.3,0,0,0,70.5
2003,501,Staten Island,80436.9,0,0,0,0,0,0
2004,501,Staten Island,76102.1,8289.6,5121.7,0,0,1383.4,42.3
2005,501,Staten Island,73067.1,10949,6770.7,0,0,815.2,88.5
2006,501,Staten Island,72183.8,10997.8,7142.5,0,0,1519.2,70.8
2007,501,Staten Island,68666.2,10606.5,7031.4,0,0,406.8,59.6
2008,501,Staten Island,65985.9,9863.6,6627.9,0,0,0,60.3
2009,501,Staten Island,65311.6,8674.9,6455.8,0,0,0,50.8
2010,501,Staten Island,63810.6,8111,6284.2,0,0,0,38.6
2011,501,Staten Island,66938.6,8259.2,6248.4,0,0,0,0
2012,501,Staten Island,63302,7481.4,6127.7,0,0,0,34.9
2013,501,Staten Island,61879.3,7650.3,6612.7,298.3,0,0,76.2
2014,501,Staten Island,61297.1,7527.2,7043.8,728.7,0,0,50.4
2015,501,Staten Island,59724.8,7534.9,6794.3,1353.2,0,0,70.8
2016,501,Staten Island,59948.5,7580.8,7655.3,1419.5,0,112.3,100.3
2017,501,Staten Island,60813.5,7509.8,7864.8,1798.4,0,178.3,65.9
2018,501,Staten Island,61930.1,7710.6,7808.2,2362.8,0,369.2,105.3
2019,501,Staten Island,60413.8,7305.9,8088.9,2208.6,0,188.7,40.9
2020,501,Staten Island,69469.5,7688.6,10088.5,424.4,0,0,35.7
2021,501,Staten Island,69971.4,7523.3,8939.3,0,0,215.4,25.1
2022,501,Staten Island,63683.1,6728.5,8266.6,0,0,486.1,21.7
2023,501,Staten Island,48396.1,4876.2,5905,0,0,0,26.5
1990,502,Staten Island,28745.5,0,0,0,0,0,0
1991,502,Staten Island,49357,0,0,0,0,0,0
1992,502,Staten Island,52241.4,0,0,0,0,0,0
1993,502,Staten Island,51883.5,1509.6,622.3,0,0,1002.7,0
1994,502,Staten Island,54835.6,7321.7,3548.2,0,0,726.5,67.6
1995,502,Staten Island,51799.9,7073.6,3750.3,0,0,987.8,84.2
1996,502,Staten Island,52041.1,8151.8,4539.9,0,0,704.5,2
1997,502,Staten Island,50808.7,1960.7,4716.8,0,0,1019.6,73.7
1998,502,Staten Island,52440.1,0,5093,0,0,1003.4,79.1
1999,502,Staten Island,52625.4,12.6,5602.7,0,0,1224.2,102.5
2000,502,Staten Island,52993.5,0,6195.9,0,0,914,78.6
2001,502,Staten Island,54055.4,0,6513,0,0,1006.1,81.8
2002,502,Staten Island,60082.7,0,3227.8,0,0,0,59.7
2003,502,Staten Island,65339.6,0,0,0,0,0,0
2004,502,Staten Island,61975.7,7879.5,4271.3,0,0,1005.2,35
2005,502,Staten Island,59336.1,10291.7,5556.3,0,0,762,36
2006,502,Staten Island,57771.2,10253.8,5736.4,0,0,1093.2,50.4
2007,502,Staten Island,55405.9,9952.9,5749.6,0,0,293.1,48.9
2008,502,Staten Island,53154,9300.3,5491.5,0,0,0,49.3
2009,502,Staten Island,52194.5,8087.3,5364.2,0,0,0,44.2
2010,502,Staten Island,51386.5,7596.2,5338.4,0,0,0,30.8
2011,502,Staten Island,54163.9,7694.7,5400,0,0,0,0
2012,502,Staten Island,52835.7,6906.8,5156,0,0,0,23.3
2013,502,Staten Island,52337.1,7194.9,5310.5,0,307.9,0,56.3
2014,502,Staten Island,50478.8,7031.8,5622.5,0,555.6,0,49.5
2015,502,Staten Island,49379.8,6991.6,5564,0,280.1,0,49.5
2016,502,Staten Island,49310,6867.5,6082.3,0,350.7,141.3,54
2017,502,Staten Island,49783,6719.6,6229,0,354.1,234.6,49.4
2018,502,Staten Island,50817.7,6804.3,6149.1,1.8,384.1,542.4,87.5
2019,502,Staten Island,50273.2,6538.8,6209.8,0,375.3,300.3,29.6
2020,502,Staten Island,54952.4,6863.8,7762.6,0,96.8,6,26.7
2021,502,Staten Island,54569.2,6400.2,7154.5,0,33.1,125,18.7
2022,502,Staten Island,50908.1,5879.9,6123.8,0,287.6,367.8,14.3
2023,502,Staten Island,38116.5,4260,4475.6,0,175.6,0,18.6
1990,503,Staten Island,34605.5,0,0,0,0,0,0
1991,503,Staten Island,61259.6,0,0,0,0,0,0
1992,503,Staten Island,65199.9,0,0,0,0,0,0
1993,503,Staten Island,66097.8,1797.3,740.9,0,0,1077.3,0
1994,503,Staten Island,66493.6,9580.8,4505,0,0,978.9,92.6
1995,503,Staten Island,64506.3,9491.3,4716,0,0,1216.8,126.1
1996,503,Staten Island,65564.5,11161.2,5776.1,0,0,821.6,0
1997,503,Staten Island,65234,2624.6,6099,0,0,1235.5,123.5
1998,503,Staten Island,67252.6,0,6946.4,0,0,1427.6,166.4
1999,503,Staten Island,68678.1,60.3,7880.4,0,0,1744.5,156.6
2000,503,Staten Island,66594.7,0,8665.6,0,0,1493.5,145.4
2001,503,Staten Island,68640.3,0.5,8825.4,0,0,1558,120.7
2002,503,Staten Island,78472.4,0,4426.8,0,0,0,105.3
2003,503,Staten Island,86422.5,0,0,0,0,0,0
2004,503,Staten Island,81880.6,11431.1,6004.5,0,0,1857.3,70.7
2005,503,Staten Island,78711.5,15232.2,7954.3,0,0,1289.1,119.6
2006,503,Staten Island,78325.8,15116.9,8057.2,0,0,1749,87.4
2007,503,Staten Island,74774.7,14461,7981.6,0,0,449.9,90
2008,503,Staten Island,72747.4,13426.6,7561.6,0,0,0,92.3
2009,503,Staten Island,70029,11634.5,7286,0,0,0,70.5
2010,503,Staten Island,69164.5,10841,7286.1,0,0,0,62.1
2011,503,Staten Island,72196.2,11020.6,7164.9,0,0,0,0
2012,503,Staten Island,69398.3,9852.3,6887.8,0,0,0,50
2013,503,Staten Island,68919.2,10061.9,7296.7,0,0,0,64.3
2014,503,Staten Island,68155.6,9953.3,7652.5,0,44.1,0,43.2
2015,503,Staten Island,66880.4,9637.6,7494,0,282.3,0,69
2016,503,Staten Island,66822.2,9467.5,8250.2,0,295.9,286.4,78.2
2017,503,Staten Island,67976.7,9266.1,8482.3,0,283.1,463.7,72.2
2018,503,Staten Island,69212.6,9466.6,8459.6,0,296.7,879.6,96.6
2019,503,Staten Island,67683.4,8993,8563.4,0,263.3,562.9,55.1
2020,503,Staten Island,75899.5,9835.5,9908.7,0,77.8,0,42.6
2021,503,Staten Island,73619.2,9273.9,8854.1,0,24.1,220.5,28.7
2022,503,Staten Island,67466.6,8474.4,8067.6,0,223.3,608.7,20.9
2023,503,Staten Island,50642.1,6041.6,5907.4,0,190.6,0,27.2
